Workbook
Name Slicer_Department: #N/A
Name Slicer_Superviors_Status: #N/A
Name Slicer_Years_of_Service: #N/A

Sheet RawData
A1: ID | B1: Staff Name | C1: Department | D1: Division | E1: Years of Service | F1: Sort by YOS | G1: Supervisor | H1: Superviors Status | I1: Aware: Safety & Wellness Office | J1: Aware: Monthly Meetings | K1: Awareness Status | L1: Attended in Past 3 Years | M1: Attendance Status | N1: Reason for Not Attending (open) | O1: Barrier (What Prevented You) | P1: Interest in Future Meetings (Yes/No) | Q1: Would You Be Interested? (Yes/No/Unsure/Unsure)
A2: 1 | B2: Staff_021 | C2: Administration | D2: Division 080 | E2: <1 | F2: =MATCH(Table[[#This Row],[Years of Service]], {"<1","1-5","6-10","11-20","21-30","31-40","40+"}, 0) -> 1 | G2: Yes | H2: Supervisor | I2: Yes | J2: Yes | K2: {=_xlfn.IFS(AND(Table[[#This Row],[Aware: Safety & Wellness Office]]="Yes",Table[[#This Row],[Aware: Monthly Meetings]]="Yes"), "Aware of office & meeting", AND(Table[[#This Row],[Aware: Safety & Wellness Office]]="Yes", Table[[#This Row],[Aware: Monthly Meetings]]="No"), "Aware of office", AND(Table[[#This Row],[Aware: Safety & Wellness Office]]="No", Table[[#This Row],[Aware: Monthly Meetings]]="Yes"), "Aware of meeting", AND(Table[[#This Row],[Aware: Safety & Wellness Office]]="No", Table[[#This Row],[Aware: Monthly Meetings]]="No"),"Unaware of office & meeting", TRUE, "Check Data")} -> Aware of office & meeting | L2: Yes | M2: {=_xlfn.IFS(AND(Table[[#This Row],[Aware: Safety & Wellness Office]]="Yes",Table[[#This Row],[Aware: Monthly Meetings]]="Yes",Table[[#This Row],[Attended in Past 3 Years]]="Yes"), "Aware Attendee", AND(Table[[#This Row],[Aware: Safety & Wellness Office]]="Yes",Table[[#This Row],[Aware: Monthly Meetings]]="No",Table[[#This Row],[Attended in Past 3 Years]]="Yes"), "Office Aware Attendee", AND(Table[[#This Row],[Aware: Safety & Wellness Office]]="No",Table[[#This Row],[Aware: Monthly Meetings]]="Yes",Table[[#This Row],[Attended in Past 3 Years]]="Yes"), "Meeting Aware Attendee", AND(Table[[#This Row],[Aware: Safety & Wellness Office]]="No",Table[[#This Row],[Aware: Monthly Meetings]]="No",Table[[#This Row],[Attended in Past 3 Years]]="Yes"), "Unaware Attendee", AND(Table[[#This Row],[Aware: Safety & Wellness Office]]="No",Table[[#This Row],[Aware: Monthly Meetings]]="No",Table[[#This Row],[Attended in Past 3 Years]]="No"), "Unaware Non-attendee", AND(Table[[#This Row],[Aware: Safety & Wellness Office]]="Yes",Table[[#This Row],[Aware: Monthly Meetings]]="No",Table[[#This Row],[Attended in Past 3 Years]]="No"), "Office Aware Non-attendee", AND(Table[[#This Row],[Aware: Safety & Wellness Office]]="No",Table[[#This Row],[Aware: Monthly Meetings]]="Yes",Table[[#This Row],[Attended in Past 3 Years]]="No"), "Meeting Aware Non-attendee", AND(Table[[#This Row],[Aware: Safety & Wellness Office]]="Yes",Table[[#This Row],[Aware: Monthly Meetings]]="Yes",Table[[#This Row],[Attended in Past 3 Years]]="No"), "Aware Non-attendee", TRUE, "Check Data")} -> Aware Attendee | O2: NA | P2: Yes | Q2: Yes
A3: 2 | B3: Staff_041 | C3: Sales & Marketing | D3: Division 046 | E3: <1 | F3: =MATCH(Table[[#This Row],[Years of Service]], {"<1","1-5","6-10","11-20","21-30","31-40","40+"}, 0) -> 1 | G3: No | H3: Non-supervisor | I3: No | J3: No | K3: {=_xlfn.IFS(AND(Table[[#This Row],[Aware: Safety & Wellness Office]]="Yes",Table[[#This Row],[Aware: Monthly Meetings]]="Yes"), "Aware of office & meeting", AND(Table[[#This Row],[Aware: Safety & Wellness Office]]="Yes", Table[[#This Row],[Aware: Monthly Meetings]]="No"), "Aware of office", AND(Table[[#This Row],[Aware: Safety & Wellness Office]]="No", Table[[#This Row],[Aware: Monthly Meetings]]="Yes"), "Aware of meeting", AND(Table[[#This Row],[Aware: Safety & Wellness Office]]="No", Table[[#This Row],[Aware: Monthly Meetings]]="No"),"Unaware of office & meeting", TRUE, "Check Data")} -> Unaware of office & meeting | L3: No | M3: {=_xlfn.IFS(AND(Table[[#This Row],[Aware: Safety & Wellness Office]]="Yes",Table[[#This Row],[Aware: Monthly Meetings]]="Yes",Table[[#This Row],[Attended in Past 3 Years]]="Yes"), "Aware Attendee", AND(Table[[#This Row],[Aware: Safety & Wellness Office]]="Yes",Table[[#This Row],[Aware: Monthly Meetings]]="No",Table[[#This Row],[Attended in Past 3 Years]]="Yes"), "Office Aware Attendee", AND(Table[[#This Row],[Aware: Safety & Wellness Office]]="No",Table[[#This Row],[Aware: Monthly Meetings]]="Yes",Table[[#This Row],[Attended in Past 3 Years]]="Yes"), "Meeting Aware Attendee", AND(Table[[#This Row],[Aware: Safety & Wellness Office]]="No",Table[[#This Row],[Aware: Monthly Meetings]]="No",Table[[#This Row],[Attended in Past 3 Years]]="Yes"), "Unaware Attendee", AND(Table[[#This Row],[Aware: Safety & Wellness Office]]="No",Table[[#This Row],[Aware: Monthly Meetings]]="No",Table[[#This Row],[Attended in Past 3 Years]]="No"), "Unaware Non-attendee", AND(Table[[#This Row],[Aware: Safety & Wellness Office]]="Yes",Table[[#This Row],[Aware: Monthly Meetings]]="No",Table[[#This Row],[Attended in Past 3 Years]]="No"), "Office Aware Non-attendee", AND(Table[[#This Row],[Aware: Safety & Wellness Office]]="No",Table[[#This Row],[Aware: Monthly Meetings]]="Yes",Table[[#This Row],[Attended in Past 3 Years]]="No"), "Meeting Aware Non-attendee", AND(Table[[#This Row],[Aware: Safety & Wellness Office]]="Yes",Table[[#This Row],[Aware: Monthly Meetings]]="Yes",Table[[#This Row],[Attended in Past 3 Years]]="No"), "Aware Non-attendee", TRUE, "Check Data")} -> Unaware Non-attendee | N3: Time conflict with shift | O3: Time conflict | P3: No | Q3: Unsure
A4: 3 | B4: Staff_043 | C4: Administration | D4: Division 084 | E4: <1 | F4: =MATCH(Table[[#This Row],[Years of Service]], {"<1","1-5","6-10","11-20","21-30","31-40","40+"}, 0) -> 1 | G4: Yes | H4: Supervisor | I4: Yes | J4: Yes | K4: {=_xlfn.IFS(AND(Table[[#This Row],[Aware: Safety & Wellness Office]]="Yes",Table[[#This Row],[Aware: Monthly Meetings]]="Yes"), "Aware of office & meeting", AND(Table[[#This Row],[Aware: Safety & Wellness Office]]="Yes", Table[[#This Row],[Aware: Monthly Meetings]]="No"), "Aware of office", AND(Table[[#This Row],[Aware: Safety & Wellness Office]]="No", Table[[#This Row],[Aware: Monthly Meetings]]="Yes"), "Aware of meeting", AND(Table[[#This Row],[Aware: Safety & Wellness Office]]="No", Table[[#This Row],[Aware: Monthly Meetings]]="No"),"Unaware of office & meeting", TRUE, "Check Data")} -> Aware of office & meeting | L4: No | M4: {=_xlfn.IFS(AND(Table[[#This Row],[Aware: Safety & Wellness Office]]="Yes",Table[[#This Row],[Aware: Monthly Meetings]]="Yes",Table[[#This Row],[Attended in Past 3 Years]]="Yes"), "Aware Attendee", AND(Table[[#This Row],[Aware: Safety & Wellness Office]]="Yes",Table[[#This Row],[Aware: Monthly Meetings]]="No",Table[[#This Row],[Attended in Past 3 Years]]="Yes"), "Office Aware Attendee", AND(Table[[#This Row],[Aware: Safety & Wellness Office]]="No",Table[[#This Row],[Aware: Monthly Meetings]]="Yes",Table[[#This Row],[Attended in Past 3 Years]]="Yes"), "Meeting Aware Attendee", AND(Table[[#This Row],[Aware: Safety & Wellness Office]]="No",Table[[#This Row],[Aware: Monthly Meetings]]="No",Table[[#This Row],[Attended in Past 3 Years]]="Yes"), "Unaware Attendee", AND(Table[[#This Row],[Aware: Safety & Wellness Office]]="No",Table[[#This Row],[Aware: Monthly Meetings]]="No",Table[[#This Row],[Attended in Past 3 Years]]="No"), "Unaware Non-attendee", AND(Table[[#This Row],[Aware: Safety & Wellness Office]]="Yes",Table[[#This Row],[Aware: Monthly Meetings]]="No",Table[[#This Row],[Attended in Past 3 Years]]="No"), "Office Aware Non-attendee", AND(Table[[#This Row],[Aware: Safety & Wellness Office]]="No",Table[[#This Row],[Aware: Monthly Meetings]]="Yes",Table[[#This Row],[Attended in Past 3 Years]]="No"), "Meeting Aware Non-attendee", AND(Table[[#This Row],[Aware: Safety & Wellness Office]]="Yes",Table[[#This Row],[Aware: Monthly Meetings]]="Yes",Table[[#This Row],[Attended in Past 3 Years]]="No"), "Aware Non-attendee", TRUE, "Check Data")} -> Aware Non-attendee | N4: Location too far | O4: NA | P4: Yes | Q4: Yes
A5: 4 | B5: Staff_044 | C5: Administration | D5: Division 033 | E5: <1 | F5: =MATCH(Table[[#This Row],[Years of Service]], {"<1","1-5","6-10","11-20","21-30","31-40","40+"}, 0) -> 1 | G5: Yes | H5: Supervisor | I5: Yes | J5: No | K5: {=_xlfn.IFS(AND(Table[[#This Row],[Aware: Safety & Wellness Office]]="Yes",Table[[#This Row],[Aware: Monthly Meetings]]="Yes"), "Aware of office & meeting", AND(Table[[#This Row],[Aware: Safety & Wellness Office]]="Yes", Table[[#This Row],[Aware: Monthly Meetings]]="No"), "Aware of office", AND(Table[[#This Row],[Aware: Safety & Wellness Office]]="No", Table[[#This Row],[Aware: Monthly Meetings]]="Yes"), "Aware of meeting", AND(Table[[#This Row],[Aware: Safety & Wellness Office]]="No", Table[[#This Row],[Aware: Monthly Meetings]]="No"),"Unaware of office & meeting", TRUE, "Check Data")} -> Aware of office | L5: No | M5: {=_xlfn.IFS(AND(Table[[#This Row],[Aware: Safety & Wellness Office]]="Yes",Table[[#This Row],[Aware: Monthly Meetings]]="Yes",Table[[#This Row],[Attended in Past 3 Years]]="Yes"), "Aware Attendee", AND(Table[[#This Row],[Aware: Safety & Wellness Office]]="Yes",Table[[#This Row],[Aware: Monthly Meetings]]="No",Table[[#This Row],[Attended in Past 3 Years]]="Yes"), "Office Aware Attendee", AND(Table[[#This Row],[Aware: Safety & Wellness Office]]="No",Table[[#This Row],[Aware: Monthly Meetings]]="Yes",Table[[#This Row],[Attended in Past 3 Years]]="Yes"), "Meeting Aware Attendee", AND(Table[[#This Row],[Aware: Safety & Wellness Office]]="No",Table[[#This Row],[Aware: Monthly Meetings]]="No",Table[[#This Row],[Attended in Past 3 Years]]="Yes"), "Unaware Attendee", AND(Table[[#This Row],[Aware: Safety & Wellness Office]]="No",Table[[#This Row],[Aware: Monthly Meetings]]="No",Table[[#This Row],[Attended in Past 3 Years]]="No"), "Unaware Non-attendee", AND(Table[[#This Row],[Aware: Safety & Wellness Office]]="Yes",Table[[#This Row],[Aware: Monthly Meetings]]="No",Table[[#This Row],[Attended in Past 3 Years]]="No"), "Office Aware Non-attendee", AND(Table[[#This Row],[Aware: Safety & Wellness Office]]="No",Table[[#This Row],[Aware: Monthly Meetings]]="Yes",Table[[#This Row],[Attended in Past 3 Years]]="No"), "Meeting Aware Non-attendee", AND(Table[[#This Row],[Aware: Safety & Wellness Office]]="Yes",Table[[#This Row],[Aware: Monthly Meetings]]="Yes",Table[[#This Row],[Attended in Past 3 Years]]="No"), "Aware Non-attendee", TRUE, "Check Data")} -> Office Aware Non-attendee | N5: Unaware of meeting schedule | O5: Unaware | P5: Yes | Q5: Unsure
A6: 5 | B6: Staff_056 | C6: Sales & Marketing | D6: Division 093 | E6: <1 | F6: =MATCH(Table[[#This Row],[Years of Service]], {"<1","1-5","6-10","11-20","21-30","31-40","40+"}, 0) -> 1 | G6: No | H6: Non-supervisor | I6: Yes | J6: Yes | K6: {=_xlfn.IFS(AND(Table[[#This Row],[Aware: Safety & Wellness Office]]="Yes",Table[[#This Row],[Aware: Monthly Meetings]]="Yes"), "Aware of office & meeting", AND(Table[[#This Row],[Aware: Safety & Wellness Office]]="Yes", Table[[#This Row],[Aware: Monthly Meetings]]="No"), "Aware of office", AND(Table[[#This Row],[Aware: Safety & Wellness Office]]="No", Table[[#This Row],[Aware: Monthly Meetings]]="Yes"), "Aware of meeting", AND(Table[[#This Row],[Aware: Safety & Wellness Office]]="No", Table[[#This Row],[Aware: Monthly Meetings]]="No"),"Unaware of office & meeting", TRUE, "Check Data")} -> Aware of office & meeting | L6: No | M6: {=_xlfn.IFS(AND(Table[[#This Row],[Aware: Safety & Wellness Office]]="Yes",Table[[#This Row],[Aware: Monthly Meetings]]="Yes",Table[[#This Row],[Attended in Past 3 Years]]="Yes"), "Aware Attendee", AND(Table[[#This Row],[Aware: Safety & Wellness Office]]="Yes",Table[[#This Row],[Aware: Monthly Meetings]]="No",Table[[#This Row],[Attended in Past 3 Years]]="Yes"), "Office Aware Attendee", AND(Table[[#This Row],[Aware: Safety & Wellness Office]]="No",Table[[#This Row],[Aware: Monthly Meetings]]="Yes",Table[[#This Row],[Attended in Past 3 Years]]="Yes"), "Meeting Aware Attendee", AND(Table[[#This Row],[Aware: Safety & Wellness Office]]="No",Table[[#This Row],[Aware: Monthly Meetings]]="No",Table[[#This Row],[Attended in Past 3 Years]]="Yes"), "Unaware Attendee", AND(Table[[#This Row],[Aware: Safety & Wellness Office]]="No",Table[[#This Row],[Aware: Monthly Meetings]]="No",Table[[#This Row],[Attended in Past 3 Years]]="No"), "Unaware Non-attendee", AND(Table[[#This Row],[Aware: Safety & Wellness Office]]="Yes",Table[[#This Row],[Aware: Monthly Meetings]]="No",Table[[#This Row],[Attended in Past 3 Years]]="No"), "Office Aware Non-attendee", AND(Table[[#This Row],[Aware: Safety & Wellness Office]]="No",Table[[#This Row],[Aware: Monthly Meetings]]="Yes",Table[[#This Row],[Attended in Past 3 Years]]="No"), "Meeting Aware Non-attendee", AND(Table[[#This Row],[Aware: Safety & Wellness Office]]="Yes",Table[[#This Row],[Aware: Monthly Meetings]]="Yes",Table[[#This Row],[Attended in Past 3 Years]]="No"), "Aware Non-attendee", TRUE, "Check Data")} -> Aware Non-attendee | N6: Out on leave / travel | O6: Time conflict | P6: Yes | Q6: Unsure
A7: 6 | B7: Staff_065 | C7: Repairs | D7: Division 048 | E7: <1 | F7: =MATCH(Table[[#This Row],[Years of Service]], {"<1","1-5","6-10","11-20","21-30","31-40","40+"}, 0) -> 1 | G7: No | H7: Non-supervisor | I7: Yes | J7: No | K7: {=_xlfn.IFS(AND(Table[[#This Row],[Aware: Safety & Wellness Office]]="Yes",Table[[#This Row],[Aware: Monthly Meetings]]="Yes"), "Aware of office & meeting", AND(Table[[#This Row],[Aware: Safety & Wellness Office]]="Yes", Table[[#This Row],[Aware: Monthly Meetings]]="No"), "Aware of office", AND(Table[[#This Row],[Aware: Safety & Wellness Office]]="No", Table[[#This Row],[Aware: Monthly Meetings]]="Yes"), "Aware of meeting", AND(Table[[#This Row],[Aware: Safety & Wellness Office]]="No", Table[[#This Row],[Aware: Monthly Meetings]]="No"),"Unaware of office & meeting", TRUE, "Check Data")} -> Aware of office | L7: No | M7: {=_xlfn.IFS(AND(Table[[#This Row],[Aware: Safety & Wellness Office]]="Yes",Table[[#This Row],[Aware: Monthly Meetings]]="Yes",Table[[#This Row],[Attended in Past 3 Years]]="Yes"), "Aware Attendee", AND(Table[[#This Row],[Aware: Safety & Wellness Office]]="Yes",Table[[#This Row],[Aware: Monthly Meetings]]="No",Table[[#This Row],[Attended in Past 3 Years]]="Yes"), "Office Aware Attendee", AND(Table[[#This Row],[Aware: Safety & Wellness Office]]="No",Table[[#This Row],[Aware: Monthly Meetings]]="Yes",Table[[#This Row],[Attended in Past 3 Years]]="Yes"), "Meeting Aware Attendee", AND(Table[[#This Row],[Aware: Safety & Wellness Office]]="No",Table[[#This Row],[Aware: Monthly Meetings]]="No",Table[[#This Row],[Attended in Past 3 Years]]="Yes"), "Unaware Attendee", AND(Table[[#This Row],[Aware: Safety & Wellness Office]]="No",Table[[#This Row],[Aware: Monthly Meetings]]="No",Table[[#This Row],[Attended in Past 3 Years]]="No"), "Unaware Non-attendee", AND(Table[[#This Row],[Aware: Safety & Wellness Office]]="Yes",Table[[#This Row],[Aware: Monthly Meetings]]="No",Table[[#This Row],[Attended in Past 3 Years]]="No"), "Office Aware Non-attendee", AND(Table[[#This Row],[Aware: Safety & Wellness Office]]="No",Table[[#This Row],[Aware: Monthly Meetings]]="Yes",Table[[#This Row],[Attended in Past 3 Years]]="No"), "Meeting Aware Non-attendee", AND(Table[[#This Row],[Aware: Safety & Wellness Office]]="Yes",Table[[#This Row],[Aware: Monthly Meetings]]="Yes",Table[[#This Row],[Attended in Past 3 Years]]="No"), "Aware Non-attendee", TRUE, "Check Data")} -> Office Aware Non-attendee | N7: Unaware of meeting schedule | O7: Unaware | P7: Yes | Q7: Yes
A8: 7 | B8: Staff_080 | C8: Administration | D8: Division 059 | E8: <1 | F8: =MATCH(Table[[#This Row],[Years of Service]], {"<1","1-5","6-10","11-20","21-30","31-40","40+"}, 0) -> 1 | G8: No | H8: Non-supervisor | I8: No | J8: No | K8: {=_xlfn.IFS(AND(Table[[#This Row],[Aware: Safety & Wellness Office]]="Yes",Table[[#This Row],[Aware: Monthly Meetings]]="Yes"), "Aware of office & meeting", AND(Table[[#This Row],[Aware: Safety & Wellness Office]]="Yes", Table[[#This Row],[Aware: Monthly Meetings]]="No"), "Aware of office", AND(Table[[#This Row],[Aware: Safety & Wellness Office]]="No", Table[[#This Row],[Aware: Monthly Meetings]]="Yes"), "Aware of meeting", AND(Table[[#This Row],[Aware: Safety & Wellness Office]]="No", Table[[#This Row],[Aware: Monthly Meetings]]="No"),"Unaware of office & meeting", TRUE, "Check Data")} -> Unaware of office & meeting | L8: No | M8: {=_xlfn.IFS(AND(Table[[#This Row],[Aware: Safety & Wellness Office]]="Yes",Table[[#This Row],[Aware: Monthly Meetings]]="Yes",Table[[#This Row],[Attended in Past 3 Years]]="Yes"), "Aware Attendee", AND(Table[[#This Row],[Aware: Safety & Wellness Office]]="Yes",Table[[#This Row],[Aware: Monthly Meetings]]="No",Table[[#This Row],[Attended in Past 3 Years]]="Yes"), "Office Aware Attendee", AND(Table[[#This Row],[Aware: Safety & Wellness Office]]="No",Table[[#This Row],[Aware: Monthly Meetings]]="Yes",Table[[#This Row],[Attended in Past 3 Years]]="Yes"), "Meeting Aware Attendee", AND(Table[[#This Row],[Aware: Safety & Wellness Office]]="No",Table[[#This Row],[Aware: Monthly Meetings]]="No",Table[[#This Row],[Attended in Past 3 Years]]="Yes"), "Unaware Attendee", AND(Table[[#This Row],[Aware: Safety & Wellness Office]]="No",Table[[#This Row],[Aware: Monthly Meetings]]="No",Table[[#This Row],[Attended in Past 3 Years]]="No"), "Unaware Non-attendee", AND(Table[[#This Row],[Aware: Safety & Wellness Office]]="Yes",Table[[#This Row],[Aware: Monthly Meetings]]="No",Table[[#This Row],[Attended in Past 3 Years]]="No"), "Office Aware Non-attendee", AND(Table[[#This Row],[Aware: Safety & Wellness Office]]="No",Table[[#This Row],[Aware: Monthly Meetings]]="Yes",Table[[#This Row],[Attended in Past 3 Years]]="No"), "Meeting Aware Non-attendee", AND(Table[[#This Row],[Aware: Safety & Wellness Office]]="Yes",Table[[#This Row],[Aware: Monthly Meetings]]="Yes",Table[[#This Row],[Attended in Past 3 Years]]="No"), "Aware Non-attendee", TRUE, "Check Data")} -> Unaware Non-attendee | N8: Unaware of meeting schedule | O8: Unaware | P8: Yes | Q8: Unsure
A9: 8 | B9: Staff_086 | C9: Sales & Marketing | D9: Division 010 | E9: <1 | F9: =MATCH(Table[[#This Row],[Years of Service]], {"<1","1-5","6-10","11-20","21-30","31-40","40+"}, 0) -> 1 | G9: Yes | H9: Supervisor | I9: Yes | J9: Yes | K9: {=_xlfn.IFS(AND(Table[[#This Row],[Aware: Safety & Wellness Office]]="Yes",Table[[#This Row],[Aware: Monthly Meetings]]="Yes"), "Aware of office & meeting", AND(Table[[#This Row],[Aware: Safety & Wellness Office]]="Yes", Table[[#This Row],[Aware: Monthly Meetings]]="No"), "Aware of office", AND(Table[[#This Row],[Aware: Safety & Wellness Office]]="No", Table[[#This Row],[Aware: Monthly Meetings]]="Yes"), "Aware of meeting", AND(Table[[#This Row],[Aware: Safety & Wellness Office]]="No", Table[[#This Row],[Aware: Monthly Meetings]]="No"),"Unaware of office & meeting", TRUE, "Check Data")} -> Aware of office & meeting | L9: No | M9: {=_xlfn.IFS(AND(Table[[#This Row],[Aware: Safety & Wellness Office]]="Yes",Table[[#This Row],[Aware: Monthly Meetings]]="Yes",Table[[#This Row],[Attended in Past 3 Years]]="Yes"), "Aware Attendee", AND(Table[[#This Row],[Aware: Safety & Wellness Office]]="Yes",Table[[#This Row],[Aware: Monthly Meetings]]="No",Table[[#This Row],[Attended in Past 3 Years]]="Yes"), "Office Aware Attendee", AND(Table[[#This Row],[Aware: Safety & Wellness Office]]="No",Table[[#This Row],[Aware: Monthly Meetings]]="Yes",Table[[#This Row],[Attended in Past 3 Years]]="Yes"), "Meeting Aware Attendee", AND(Table[[#This Row],[Aware: Safety & Wellness Office]]="No",Table[[#This Row],[Aware: Monthly Meetings]]="No",Table[[#This Row],[Attended in Past 3 Years]]="Yes"), "Unaware Attendee", AND(Table[[#This Row],[Aware: Safety & Wellness Office]]="No",Table[[#This Row],[Aware: Monthly Meetings]]="No",Table[[#This Row],[Attended in Past 3 Years]]="No"), "Unaware Non-attendee", AND(Table[[#This Row],[Aware: Safety & Wellness Office]]="Yes",Table[[#This Row],[Aware: Monthly Meetings]]="No",Table[[#This Row],[Attended in Past 3 Years]]="No"), "Office Aware Non-attendee", AND(Table[[#This Row],[Aware: Safety & Wellness Office]]="No",Table[[#This Row],[Aware: Monthly Meetings]]="Yes",Table[[#This Row],[Attended in Past 3 Years]]="No"), "Meeting Aware Non-attendee", AND(Table[[#This Row],[Aware: Safety & Wellness Office]]="Yes",Table[[#This Row],[Aware: Monthly Meetings]]="Yes",Table[[#This Row],[Attended in Past 3 Years]]="No"), "Aware Non-attendee", TRUE, "Check Data")} -> Aware Non-attendee | N9: Location too far | O9: Unaware | P9: Yes | Q9: Yes
A10: 9 | B10: Staff_003 | C10: Administration | D10: Division 083 | E10: 1-5 | F10: =MATCH(Table[[#This Row],[Years of Service]], {"<1","1-5","6-10","11-20","21-30","31-40","40+"}, 0) -> 2 | G10: No | H10: Non-supervisor | I10: Yes | J10: Yes | K10: {=_xlfn.IFS(AND(Table[[#This Row],[Aware: Safety & Wellness Office]]="Yes",Table[[#This Row],[Aware: Monthly Meetings]]="Yes"), "Aware of office & meeting", AND(Table[[#This Row],[Aware: Safety & Wellness Office]]="Yes", Table[[#This Row],[Aware: Monthly Meetings]]="No"), "Aware of office", AND(Table[[#This Row],[Aware: Safety & Wellness Office]]="No", Table[[#This Row],[Aware: Monthly Meetings]]="Yes"), "Aware of meeting", AND(Table[[#This Row],[Aware: Safety & Wellness Office]]="No", Table[[#This Row],[Aware: Monthly Meetings]]="No"),"Unaware of office & meeting", TRUE, "Check Data")} -> Aware of office & meeting | L10: Yes | M10: {=_xlfn.IFS(AND(Table[[#This Row],[Aware: Safety & Wellness Office]]="Yes",Table[[#This Row],[Aware: Monthly Meetings]]="Yes",Table[[#This Row],[Attended in Past 3 Years]]="Yes"), "Aware Attendee", AND(Table[[#This Row],[Aware: Safety & Wellness Office]]="Yes",Table[[#This Row],[Aware: Monthly Meetings]]="No",Table[[#This Row],[Attended in Past 3 Years]]="Yes"), "Office Aware Attendee", AND(Table[[#This Row],[Aware: Safety & Wellness Office]]="No",Table[[#This Row],[Aware: Monthly Meetings]]="Yes",Table[[#This Row],[Attended in Past 3 Years]]="Yes"), "Meeting Aware Attendee", AND(Table[[#This Row],[Aware: Safety & Wellness Office]]="No",Table[[#This Row],[Aware: Monthly Meetings]]="No",Table[[#This Row],[Attended in Past 3 Years]]="Yes"), "Unaware Attendee", AND(Table[[#This Row],[Aware: Safety & Wellness Office]]="No",Table[[#This Row],[Aware: Monthly Meetings]]="No",Table[[#This Row],[Attended in Past 3 Years]]="No"), "Unaware Non-attendee", AND(Table[[#This Row],[Aware: Safety & Wellness Office]]="Yes",Table[[#This Row],[Aware: Monthly Meetings]]="No",Table[[#This Row],[Attended in Past 3 Years]]="No"), "Office Aware Non-attendee", AND(Table[[#This Row],[Aware: Safety & Wellness Office]]="No",Table[[#This Row],[Aware: Monthly Meetings]]="Yes",Table[[#This Row],[Attended in Past 3 Years]]="No"), "Meeting Aware Non-attendee", AND(Table[[#This Row],[Aware: Safety & Wellness Office]]="Yes",Table[[#This Row],[Aware: Monthly Meetings]]="Yes",Table[[#This Row],[Attended in Past 3 Years]]="No"), "Aware Non-attendee", TRUE, "Check Data")} -> Aware Attendee | O10: NA | P10: Yes | Q10: Yes
A11: 10 | B11: Staff_006 | C11: Repairs | D11: Division 055 | E11: 1-5 | F11: =MATCH(Table[[#This Row],[Years of Service]], {"<1","1-5","6-10","11-20","21-30","31-40","40+"}, 0) -> 2 | G11: No | H11: Non-supervisor | I11: Yes | J11: Yes | K11: {=_xlfn.IFS(AND(Table[[#This Row],[Aware: Safety & Wellness Office]]="Yes",Table[[#This Row],[Aware: Monthly Meetings]]="Yes"), "Aware of office & meeting", AND(Table[[#This Row],[Aware: Safety & Wellness Office]]="Yes", Table[[#This Row],[Aware: Monthly Meetings]]="No"), "Aware of office", AND(Table[[#This Row],[Aware: Safety & Wellness Office]]="No", Table[[#This Row],[Aware: Monthly Meetings]]="Yes"), "Aware of meeting", AND(Table[[#This Row],[Aware: Safety & Wellness Office]]="No", Table[[#This Row],[Aware: Monthly Meetings]]="No"),"Unaware of office & meeting", TRUE, "Check Data")} -> Aware of office & meeting | L11: No | M11: {=_xlfn.IFS(AND(Table[[#This Row],[Aware: Safety & Wellness Office]]="Yes",Table[[#This Row],[Aware: Monthly Meetings]]="Yes",Table[[#This Row],[Attended in Past 3 Years]]="Yes"), "Aware Attendee", AND(Table[[#This Row],[Aware: Safety & Wellness Office]]="Yes",Table[[#This Row],[Aware: Monthly Meetings]]="No",Table[[#This Row],[Attended in Past 3 Years]]="Yes"), "Office Aware Attendee", AND(Table[[#This Row],[Aware: Safety & Wellness Office]]="No",Table[[#This Row],[Aware: Monthly Meetings]]="Yes",Table[[#This Row],[Attended in Past 3 Years]]="Yes"), "Meeting Aware Attendee", AND(Table[[#This Row],[Aware: Safety & Wellness Office]]="No",Table[[#This Row],[Aware: Monthly Meetings]]="No",Table[[#This Row],[Attended in Past 3 Years]]="Yes"), "Unaware Attendee", AND(Table[[#This Row],[Aware: Safety & Wellness Office]]="No",Table[[#This Row],[Aware: Monthly Meetings]]="No",Table[[#This Row],[Attended in Past 3 Years]]="No"), "Unaware Non-attendee", AND(Table[[#This Row],[Aware: Safety & Wellness Office]]="Yes",Table[[#This Row],[Aware: Monthly Meetings]]="No",Table[[#This Row],[Attended in Past 3 Years]]="No"), "Office Aware Non-attendee", AND(Table[[#This Row],[Aware: Safety & Wellness Office]]="No",Table[[#This Row],[Aware: Monthly Meetings]]="Yes",Table[[#This Row],[Attended in Past 3 Years]]="No"), "Meeting Aware Non-attendee", AND(Table[[#This Row],[Aware: Safety & Wellness Office]]="Yes",Table[[#This Row],[Aware: Monthly Meetings]]="Yes",Table[[#This Row],[Attended in Past 3 Years]]="No"), "Aware Non-attendee", TRUE, "Check Data")} -> Aware Non-attendee | N11: Time conflict with shift | O11: Time conflict | P11: Yes | Q11: Yes
A12: 11 | B12: Staff_008 | C12: Sales & Marketing | D12: Division 087 | E12: 1-5 | F12: =MATCH(Table[[#This Row],[Years of Service]], {"<1","1-5","6-10","11-20","21-30","31-40","40+"}, 0) -> 2 | G12: No | H12: Non-supervisor | I12: No | J12: No | K12: {=_xlfn.IFS(AND(Table[[#This Row],[Aware: Safety & Wellness Office]]="Yes",Table[[#This Row],[Aware: Monthly Meetings]]="Yes"), "Aware of office & meeting", AND(Table[[#This Row],[Aware: Safety & Wellness Office]]="Yes", Table[[#This Row],[Aware: Monthly Meetings]]="No"), "Aware of office", AND(Table[[#This Row],[Aware: Safety & Wellness Office]]="No", Table[[#This Row],[Aware: Monthly Meetings]]="Yes"), "Aware of meeting", AND(Table[[#This Row],[Aware: Safety & Wellness Office]]="No", Table[[#This Row],[Aware: Monthly Meetings]]="No"),"Unaware of office & meeting", TRUE, "Check Data")} -> Unaware of office & meeting | L12: No | M12: {=_xlfn.IFS(AND(Table[[#This Row],[Aware: Safety & Wellness Office]]="Yes",Table[[#This Row],[Aware: Monthly Meetings]]="Yes",Table[[#This Row],[Attended in Past 3 Years]]="Yes"), "Aware Attendee", AND(Table[[#This Row],[Aware: Safety & Wellness Office]]="Yes",Table[[#This Row],[Aware: Monthly Meetings]]="No",Table[[#This Row],[Attended in Past 3 Years]]="Yes"), "Office Aware Attendee", AND(Table[[#This Row],[Aware: Safety & Wellness Office]]="No",Table[[#This Row],[Aware: Monthly Meetings]]="Yes",Table[[#This Row],[Attended in Past 3 Years]]="Yes"), "Meeting Aware Attendee", AND(Table[[#This Row],[Aware: Safety & Wellness Office]]="No",Table[[#This Row],[Aware: Monthly Meetings]]="No",Table[[#This Row],[Attended in Past 3 Years]]="Yes"), "Unaware Attendee", AND(Table[[#This Row],[Aware: Safety & Wellness Office]]="No",Table[[#This Row],[Aware: Monthly Meetings]]="No",Table[[#This Row],[Attended in Past 3 Years]]="No"), "Unaware Non-attendee", AND(Table[[#This Row],[Aware: Safety & Wellness Office]]="Yes",Table[[#This Row],[Aware: Monthly Meetings]]="No",Table[[#This Row],[Attended in Past 3 Years]]="No"), "Office Aware Non-attendee", AND(Table[[#This Row],[Aware: Safety & Wellness Office]]="No",Table[[#This Row],[Aware: Monthly Meetings]]="Yes",Table[[#This Row],[Attended in Past 3 Years]]="No"), "Meeting Aware Non-attendee", AND(Table[[#This Row],[Aware: Safety & Wellness Office]]="Yes",Table[[#This Row],[Aware: Monthly Meetings]]="Yes",Table[[#This Row],[Attended in Past 3 Years]]="No"), "Aware Non-attendee", TRUE, "Check Data")} -> Unaware Non-attendee | N12: Unaware of meeting schedule | O12: Unaware | P12: Yes | Q12: Yes
A13: 12 | B13: Staff_009 | C13: Repairs | D13: Division 040 | E13: 1-5 | F13: =MATCH(Table[[#This Row],[Years of Service]], {"<1","1-5","6-10","11-20","21-30","31-40","40+"}, 0) -> 2 | G13: No | H13: Non-supervisor | I13: Yes | J13: Yes | K13: {=_xlfn.IFS(AND(Table[[#This Row],[Aware: Safety & Wellness Office]]="Yes",Table[[#This Row],[Aware: Monthly Meetings]]="Yes"), "Aware of office & meeting", AND(Table[[#This Row],[Aware: Safety & Wellness Office]]="Yes", Table[[#This Row],[Aware: Monthly Meetings]]="No"), "Aware of office", AND(Table[[#This Row],[Aware: Safety & Wellness Office]]="No", Table[[#This Row],[Aware: Monthly Meetings]]="Yes"), "Aware of meeting", AND(Table[[#This Row],[Aware: Safety & Wellness Office]]="No", Table[[#This Row],[Aware: Monthly Meetings]]="No"),"Unaware of office & meeting", TRUE, "Check Data")} -> Aware of office & meeting | L13: No | M13: {=_xlfn.IFS(AND(Table[[#This Row],[Aware: Safety & Wellness Office]]="Yes",Table[[#This Row],[Aware: Monthly Meetings]]="Yes",Table[[#This Row],[Attended in Past 3 Years]]="Yes"), "Aware Attendee", AND(Table[[#This Row],[Aware: Safety & Wellness Office]]="Yes",Table[[#This Row],[Aware: Monthly Meetings]]="No",Table[[#This Row],[Attended in Past 3 Years]]="Yes"), "Office Aware Attendee", AND(Table[[#This Row],[Aware: Safety & Wellness Office]]="No",Table[[#This Row],[Aware: Monthly Meetings]]="Yes",Table[[#This Row],[Attended in Past 3 Years]]="Yes"), "Meeting Aware Attendee", AND(Table[[#This Row],[Aware: Safety & Wellness Office]]="No",Table[[#This Row],[Aware: Monthly Meetings]]="No",Table[[#This Row],[Attended in Past 3 Years]]="Yes"), "Unaware Attendee", AND(Table[[#This Row],[Aware: Safety & Wellness Office]]="No",Table[[#This Row],[Aware: Monthly Meetings]]="No",Table[[#This Row],[Attended in Past 3 Years]]="No"), "Unaware Non-attendee", AND(Table[[#This Row],[Aware: Safety & Wellness Office]]="Yes",Table[[#This Row],[Aware: Monthly Meetings]]="No",Table[[#This Row],[Attended in Past 3 Years]]="No"), "Office Aware Non-attendee", AND(Table[[#This Row],[Aware: Safety & Wellness Office]]="No",Table[[#This Row],[Aware: Monthly Meetings]]="Yes",Table[[#This Row],[Attended in Past 3 Years]]="No"), "Meeting Aware Non-attendee", AND(Table[[#This Row],[Aware: Safety & Wellness Office]]="Yes",Table[[#This Row],[Aware: Monthly Meetings]]="Yes",Table[[#This Row],[Attended in Past 3 Years]]="No"), "Aware Non-attendee", TRUE, "Check Data")} -> Aware Non-attendee | N13: Location too far | O13: Time conflict | P13: No | Q13: No
A14: 13 | B14: Staff_018 | C14: Sales & Marketing | D14: Division 077 | E14: 1-5 | F14: =MATCH(Table[[#This Row],[Years of Service]], {"<1","1-5","6-10","11-20","21-30","31-40","40+"}, 0) -> 2 | G14: No | H14: Non-supervisor | I14: Yes | J14: No | K14: {=_xlfn.IFS(AND(Table[[#This Row],[Aware: Safety & Wellness Office]]="Yes",Table[[#This Row],[Aware: Monthly Meetings]]="Yes"), "Aware of office & meeting", AND(Table[[#This Row],[Aware: Safety & Wellness Office]]="Yes", Table[[#This Row],[Aware: Monthly Meetings]]="No"), "Aware of office", AND(Table[[#This Row],[Aware: Safety & Wellness Office]]="No", Table[[#This Row],[Aware: Monthly Meetings]]="Yes"), "Aware of meeting", AND(Table[[#This Row],[Aware: Safety & Wellness Office]]="No", Table[[#This Row],[Aware: Monthly Meetings]]="No"),"Unaware of office & meeting", TRUE, "Check Data")} -> Aware of office | L14: No | M14: {=_xlfn.IFS(AND(Table[[#This Row],[Aware: Safety & Wellness Office]]="Yes",Table[[#This Row],[Aware: Monthly Meetings]]="Yes",Table[[#This Row],[Attended in Past 3 Years]]="Yes"), "Aware Attendee", AND(Table[[#This Row],[Aware: Safety & Wellness Office]]="Yes",Table[[#This Row],[Aware: Monthly Meetings]]="No",Table[[#This Row],[Attended in Past 3 Years]]="Yes"), "Office Aware Attendee", AND(Table[[#This Row],[Aware: Safety & Wellness Office]]="No",Table[[#This Row],[Aware: Monthly Meetings]]="Yes",Table[[#This Row],[Attended in Past 3 Years]]="Yes"), "Meeting Aware Attendee", AND(Table[[#This Row],[Aware: Safety & Wellness Office]]="No",Table[[#This Row],[Aware: Monthly Meetings]]="No",Table[[#This Row],[Attended in Past 3 Years]]="Yes"), "Unaware Attendee", AND(Table[[#This Row],[Aware: Safety & Wellness Office]]="No",Table[[#This Row],[Aware: Monthly Meetings]]="No",Table[[#This Row],[Attended in Past 3 Years]]="No"), "Unaware Non-attendee", AND(Table[[#This Row],[Aware: Safety & Wellness Office]]="Yes",Table[[#This Row],[Aware: Monthly Meetings]]="No",Table[[#This Row],[Attended in Past 3 Years]]="No"), "Office Aware Non-attendee", AND(Table[[#This Row],[Aware: Safety & Wellness Office]]="No",Table[[#This Row],[Aware: Monthly Meetings]]="Yes",Table[[#This Row],[Attended in Past 3 Years]]="No"), "Meeting Aware Non-attendee", AND(Table[[#This Row],[Aware: Safety & Wellness Office]]="Yes",Table[[#This Row],[Aware: Monthly Meetings]]="Yes",Table[[#This Row],[Attended in Past 3 Years]]="No"), "Aware Non-attendee", TRUE, "Check Data")} -> Office Aware Non-attendee | N14: Unaware of meeting schedule | O14: Unaware | P14: Yes | Q14: Yes
A15: 14 | B15: Staff_020 | C15: Administration | D15: Division 058 | E15: 1-5 | F15: =MATCH(Table[[#This Row],[Years of Service]], {"<1","1-5","6-10","11-20","21-30","31-40","40+"}, 0) -> 2 | G15: No | H15: Non-supervisor | I15: Yes | J15: Yes | K15: {=_xlfn.IFS(AND(Table[[#This Row],[Aware: Safety & Wellness Office]]="Yes",Table[[#This Row],[Aware: Monthly Meetings]]="Yes"), "Aware of office & meeting", AND(Table[[#This Row],[Aware: Safety & Wellness Office]]="Yes", Table[[#This Row],[Aware: Monthly Meetings]]="No"), "Aware of office", AND(Table[[#This Row],[Aware: Safety & Wellness Office]]="No", Table[[#This Row],[Aware: Monthly Meetings]]="Yes"), "Aware of meeting", AND(Table[[#This Row],[Aware: Safety & Wellness Office]]="No", Table[[#This Row],[Aware: Monthly Meetings]]="No"),"Unaware of office & meeting", TRUE, "Check Data")} -> Aware of office & meeting | L15: Yes | M15: {=_xlfn.IFS(AND(Table[[#This Row],[Aware: Safety & Wellness Office]]="Yes",Table[[#This Row],[Aware: Monthly Meetings]]="Yes",Table[[#This Row],[Attended in Past 3 Years]]="Yes"), "Aware Attendee", AND(Table[[#This Row],[Aware: Safety & Wellness Office]]="Yes",Table[[#This Row],[Aware: Monthly Meetings]]="No",Table[[#This Row],[Attended in Past 3 Years]]="Yes"), "Office Aware Attendee", AND(Table[[#This Row],[Aware: Safety & Wellness Office]]="No",Table[[#This Row],[Aware: Monthly Meetings]]="Yes",Table[[#This Row],[Attended in Past 3 Years]]="Yes"), "Meeting Aware Attendee", AND(Table[[#This Row],[Aware: Safety & Wellness Office]]="No",Table[[#This Row],[Aware: Monthly Meetings]]="No",Table[[#This Row],[Attended in Past 3 Years]]="Yes"), "Unaware Attendee", AND(Table[[#This Row],[Aware: Safety & Wellness Office]]="No",Table[[#This Row],[Aware: Monthly Meetings]]="No",Table[[#This Row],[Attended in Past 3 Years]]="No"), "Unaware Non-attendee", AND(Table[[#This Row],[Aware: Safety & Wellness Office]]="Yes",Table[[#This Row],[Aware: Monthly Meetings]]="No",Table[[#This Row],[Attended in Past 3 Years]]="No"), "Office Aware Non-attendee", AND(Table[[#This Row],[Aware: Safety & Wellness Office]]="No",Table[[#This Row],[Aware: Monthly Meetings]]="Yes",Table[[#This Row],[Attended in Past 3 Years]]="No"), "Meeting Aware Non-attendee", AND(Table[[#This Row],[Aware: Safety & Wellness Office]]="Yes",Table[[#This Row],[Aware: Monthly Meetings]]="Yes",Table[[#This Row],[Attended in Past 3 Years]]="No"), "Aware Non-attendee", TRUE, "Check Data")} -> Aware Attendee | O15: NA | P15: No | Q15: No
A16: 15 | B16: Staff_026 | C16: Repairs | D16: Division 009 | E16: 1-5 | F16: =MATCH(Table[[#This Row],[Years of Service]], {"<1","1-5","6-10","11-20","21-30","31-40","40+"}, 0) -> 2 | G16: No | H16: Non-supervisor | I16: Yes | J16: Yes | K16: {=_xlfn.IFS(AND(Table[[#This Row],[Aware: Safety & Wellness Office]]="Yes",Table[[#This Row],[Aware: Monthly Meetings]]="Yes"), "Aware of office & meeting", AND(Table[[#This Row],[Aware: Safety & Wellness Office]]="Yes", Table[[#This Row],[Aware: Monthly Meetings]]="No"), "Aware of office", AND(Table[[#This Row],[Aware: Safety & Wellness Office]]="No", Table[[#This Row],[Aware: Monthly Meetings]]="Yes"), "Aware of meeting", AND(Table[[#This Row],[Aware: Safety & Wellness Office]]="No", Table[[#This Row],[Aware: Monthly Meetings]]="No"),"Unaware of office & meeting", TRUE, "Check Data")} -> Aware of office & meeting | L16: Yes | M16: {=_xlfn.IFS(AND(Table[[#This Row],[Aware: Safety & Wellness Office]]="Yes",Table[[#This Row],[Aware: Monthly Meetings]]="Yes",Table[[#This Row],[Attended in Past 3 Years]]="Yes"), "Aware Attendee", AND(Table[[#This Row],[Aware: Safety & Wellness Office]]="Yes",Table[[#This Row],[Aware: Monthly Meetings]]="No",Table[[#This Row],[Attended in Past 3 Years]]="Yes"), "Office Aware Attendee", AND(Table[[#This Row],[Aware: Safety & Wellness Office]]="No",Table[[#This Row],[Aware: Monthly Meetings]]="Yes",Table[[#This Row],[Attended in Past 3 Years]]="Yes"), "Meeting Aware Attendee", AND(Table[[#This Row],[Aware: Safety & Wellness Office]]="No",Table[[#This Row],[Aware: Monthly Meetings]]="No",Table[[#This Row],[Attended in Past 3 Years]]="Yes"), "Unaware Attendee", AND(Table[[#This Row],[Aware: Safety & Wellness Office]]="No",Table[[#This Row],[Aware: Monthly Meetings]]="No",Table[[#This Row],[Attended in Past 3 Years]]="No"), "Unaware Non-attendee", AND(Table[[#This Row],[Aware: Safety & Wellness Office]]="Yes",Table[[#This Row],[Aware: Monthly Meetings]]="No",Table[[#This Row],[Attended in Past 3 Years]]="No"), "Office Aware Non-attendee", AND(Table[[#This Row],[Aware: Safety & Wellness Office]]="No",Table[[#This Row],[Aware: Monthly Meetings]]="Yes",Table[[#This Row],[Attended in Past 3 Years]]="No"), "Meeting Aware Non-attendee", AND(Table[[#This Row],[Aware: Safety & Wellness Office]]="Yes",Table[[#This Row],[Aware: Monthly Meetings]]="Yes",Table[[#This Row],[Attended in Past 3 Years]]="No"), "Aware Non-attendee", TRUE, "Check Data")} -> Aware Attendee | O16: NA | P16: Yes | Q16: Unsure
A17: 16 | B17: Staff_027 | C17: Administration | D17: Division 043 | E17: 1-5 | F17: =MATCH(Table[[#This Row],[Years of Service]], {"<1","1-5","6-10","11-20","21-30","31-40","40+"}, 0) -> 2 | G17: No | H17: Non-supervisor | I17: Yes | J17: Yes | K17: {=_xlfn.IFS(AND(Table[[#This Row],[Aware: Safety & Wellness Office]]="Yes",Table[[#This Row],[Aware: Monthly Meetings]]="Yes"), "Aware of office & meeting", AND(Table[[#This Row],[Aware: Safety & Wellness Office]]="Yes", Table[[#This Row],[Aware: Monthly Meetings]]="No"), "Aware of office", AND(Table[[#This Row],[Aware: Safety & Wellness Office]]="No", Table[[#This Row],[Aware: Monthly Meetings]]="Yes"), "Aware of meeting", AND(Table[[#This Row],[Aware: Safety & Wellness Office]]="No", Table[[#This Row],[Aware: Monthly Meetings]]="No"),"Unaware of office & meeting", TRUE, "Check Data")} -> Aware of office & meeting | L17: No | M17: {=_xlfn.IFS(AND(Table[[#This Row],[Aware: Safety & Wellness Office]]="Yes",Table[[#This Row],[Aware: Monthly Meetings]]="Yes",Table[[#This Row],[Attended in Past 3 Years]]="Yes"), "Aware Attendee", AND(Table[[#This Row],[Aware: Safety & Wellness Office]]="Yes",Table[[#This Row],[Aware: Monthly Meetings]]="No",Table[[#This Row],[Attended in Past 3 Years]]="Yes"), "Office Aware Attendee", AND(Table[[#This Row],[Aware: Safety & Wellness Office]]="No",Table[[#This Row],[Aware: Monthly Meetings]]="Yes",Table[[#This Row],[Attended in Past 3 Years]]="Yes"), "Meeting Aware Attendee", AND(Table[[#This Row],[Aware: Safety & Wellness Office]]="No",Table[[#This Row],[Aware: Monthly Meetings]]="No",Table[[#This Row],[Attended in Past 3 Years]]="Yes"), "Unaware Attendee", AND(Table[[#This Row],[Aware: Safety & Wellness Office]]="No",Table[[#This Row],[Aware: Monthly Meetings]]="No",Table[[#This Row],[Attended in Past 3 Years]]="No"), "Unaware Non-attendee", AND(Table[[#This Row],[Aware: Safety & Wellness Office]]="Yes",Table[[#This Row],[Aware: Monthly Meetings]]="No",Table[[#This Row],[Attended in Past 3 Years]]="No"), "Office Aware Non-attendee", AND(Table[[#This Row],[Aware: Safety & Wellness Office]]="No",Table[[#This Row],[Aware: Monthly Meetings]]="Yes",Table[[#This Row],[Attended in Past 3 Years]]="No"), "Meeting Aware Non-attendee", AND(Table[[#This Row],[Aware: Safety & Wellness Office]]="Yes",Table[[#This Row],[Aware: Monthly Meetings]]="Yes",Table[[#This Row],[Attended in Past 3 Years]]="No"), "Aware Non-attendee", TRUE, "Check Data")} -> Aware Non-attendee | N17: Time conflict with shift | O17: NA | P17: Yes | Q17: Yes
A18: 17 | B18: Staff_028 | C18: Sales & Marketing | D18: Division 010 | E18: 1-5 | F18: =MATCH(Table[[#This Row],[Years of Service]], {"<1","1-5","6-10","11-20","21-30","31-40","40+"}, 0) -> 2 | G18: No | H18: Non-supervisor | I18: Yes | J18: Yes | K18: {=_xlfn.IFS(AND(Table[[#This Row],[Aware: Safety & Wellness Office]]="Yes",Table[[#This Row],[Aware: Monthly Meetings]]="Yes"), "Aware of office & meeting", AND(Table[[#This Row],[Aware: Safety & Wellness Office]]="Yes", Table[[#This Row],[Aware: Monthly Meetings]]="No"), "Aware of office", AND(Table[[#This Row],[Aware: Safety & Wellness Office]]="No", Table[[#This Row],[Aware: Monthly Meetings]]="Yes"), "Aware of meeting", AND(Table[[#This Row],[Aware: Safety & Wellness Office]]="No", Table[[#This Row],[Aware: Monthly Meetings]]="No"),"Unaware of office & meeting", TRUE, "Check Data")} -> Aware of office & meeting | L18: Yes | M18: {=_xlfn.IFS(AND(Table[[#This Row],[Aware: Safety & Wellness Office]]="Yes",Table[[#This Row],[Aware: Monthly Meetings]]="Yes",Table[[#This Row],[Attended in Past 3 Years]]="Yes"), "Aware Attendee", AND(Table[[#This Row],[Aware: Safety & Wellness Office]]="Yes",Table[[#This Row],[Aware: Monthly Meetings]]="No",Table[[#This Row],[Attended in Past 3 Years]]="Yes"), "Office Aware Attendee", AND(Table[[#This Row],[Aware: Safety & Wellness Office]]="No",Table[[#This Row],[Aware: Monthly Meetings]]="Yes",Table[[#This Row],[Attended in Past 3 Years]]="Yes"), "Meeting Aware Attendee", AND(Table[[#This Row],[Aware: Safety & Wellness Office]]="No",Table[[#This Row],[Aware: Monthly Meetings]]="No",Table[[#This Row],[Attended in Past 3 Years]]="Yes"), "Unaware Attendee", AND(Table[[#This Row],[Aware: Safety & Wellness Office]]="No",Table[[#This Row],[Aware: Monthly Meetings]]="No",Table[[#This Row],[Attended in Past 3 Years]]="No"), "Unaware Non-attendee", AND(Table[[#This Row],[Aware: Safety & Wellness Office]]="Yes",Table[[#This Row],[Aware: Monthly Meetings]]="No",Table[[#This Row],[Attended in Past 3 Years]]="No"), "Office Aware Non-attendee", AND(Table[[#This Row],[Aware: Safety & Wellness Office]]="No",Table[[#This Row],[Aware: Monthly Meetings]]="Yes",Table[[#This Row],[Attended in Past 3 Years]]="No"), "Meeting Aware Non-attendee", AND(Table[[#This Row],[Aware: Safety & Wellness Office]]="Yes",Table[[#This Row],[Aware: Monthly Meetings]]="Yes",Table[[#This Row],[Attended in Past 3 Years]]="No"), "Aware Non-attendee", TRUE, "Check Data")} -> Aware Attendee | O18: NA | P18: Yes | Q18: Yes
A19: 18 | B19: Staff_032 | C19: Sales & Marketing | D19: Division 002 | E19: 1-5 | F19: =MATCH(Table[[#This Row],[Years of Service]], {"<1","1-5","6-10","11-20","21-30","31-40","40+"}, 0) -> 2 | G19: No | H19: Non-supervisor | I19: Yes | J19: Yes | K19: {=_xlfn.IFS(AND(Table[[#This Row],[Aware: Safety & Wellness Office]]="Yes",Table[[#This Row],[Aware: Monthly Meetings]]="Yes"), "Aware of office & meeting", AND(Table[[#This Row],[Aware: Safety & Wellness Office]]="Yes", Table[[#This Row],[Aware: Monthly Meetings]]="No"), "Aware of office", AND(Table[[#This Row],[Aware: Safety & Wellness Office]]="No", Table[[#This Row],[Aware: Monthly Meetings]]="Yes"), "Aware of meeting", AND(Table[[#This Row],[Aware: Safety & Wellness Office]]="No", Table[[#This Row],[Aware: Monthly Meetings]]="No"),"Unaware of office & meeting", TRUE, "Check Data")} -> Aware of office & meeting | L19: No | M19: {=_xlfn.IFS(AND(Table[[#This Row],[Aware: Safety & Wellness Office]]="Yes",Table[[#This Row],[Aware: Monthly Meetings]]="Yes",Table[[#This Row],[Attended in Past 3 Years]]="Yes"), "Aware Attendee", AND(Table[[#This Row],[Aware: Safety & Wellness Office]]="Yes",Table[[#This Row],[Aware: Monthly Meetings]]="No",Table[[#This Row],[Attended in Past 3 Years]]="Yes"), "Office Aware Attendee", AND(Table[[#This Row],[Aware: Safety & Wellness Office]]="No",Table[[#This Row],[Aware: Monthly Meetings]]="Yes",Table[[#This Row],[Attended in Past 3 Years]]="Yes"), "Meeting Aware Attendee", AND(Table[[#This Row],[Aware: Safety & Wellness Office]]="No",Table[[#This Row],[Aware: Monthly Meetings]]="No",Table[[#This Row],[Attended in Past 3 Years]]="Yes"), "Unaware Attendee", AND(Table[[#This Row],[Aware: Safety & Wellness Office]]="No",Table[[#This Row],[Aware: Monthly Meetings]]="No",Table[[#This Row],[Attended in Past 3 Years]]="No"), "Unaware Non-attendee", AND(Table[[#This Row],[Aware: Safety & Wellness Office]]="Yes",Table[[#This Row],[Aware: Monthly Meetings]]="No",Table[[#This Row],[Attended in Past 3 Years]]="No"), "Office Aware Non-attendee", AND(Table[[#This Row],[Aware: Safety & Wellness Office]]="No",Table[[#This Row],[Aware: Monthly Meetings]]="Yes",Table[[#This Row],[Attended in Past 3 Years]]="No"), "Meeting Aware Non-attendee", AND(Table[[#This Row],[Aware: Safety & Wellness Office]]="Yes",Table[[#This Row],[Aware: Monthly Meetings]]="Yes",Table[[#This Row],[Attended in Past 3 Years]]="No"), "Aware Non-attendee", TRUE, "Check Data")} -> Aware Non-attendee | N19: Unaware of meeting schedule | O19: NA | P19: Yes | Q19: Yes
A20: 19 | B20: Staff_038 | C20: Repairs | D20: Division 090 | E20: 1-5 | F20: =MATCH(Table[[#This Row],[Years of Service]], {"<1","1-5","6-10","11-20","21-30","31-40","40+"}, 0) -> 2 | G20: Yes | H20: Supervisor | I20: Yes | J20: No | K20: {=_xlfn.IFS(AND(Table[[#This Row],[Aware: Safety & Wellness Office]]="Yes",Table[[#This Row],[Aware: Monthly Meetings]]="Yes"), "Aware of office & meeting", AND(Table[[#This Row],[Aware: Safety & Wellness Office]]="Yes", Table[[#This Row],[Aware: Monthly Meetings]]="No"), "Aware of office", AND(Table[[#This Row],[Aware: Safety & Wellness Office]]="No", Table[[#This Row],[Aware: Monthly Meetings]]="Yes"), "Aware of meeting", AND(Table[[#This Row],[Aware: Safety & Wellness Office]]="No", Table[[#This Row],[Aware: Monthly Meetings]]="No"),"Unaware of office & meeting", TRUE, "Check Data")} -> Aware of office | L20: No | M20: {=_xlfn.IFS(AND(Table[[#This Row],[Aware: Safety & Wellness Office]]="Yes",Table[[#This Row],[Aware: Monthly Meetings]]="Yes",Table[[#This Row],[Attended in Past 3 Years]]="Yes"), "Aware Attendee", AND(Table[[#This Row],[Aware: Safety & Wellness Office]]="Yes",Table[[#This Row],[Aware: Monthly Meetings]]="No",Table[[#This Row],[Attended in Past 3 Years]]="Yes"), "Office Aware Attendee", AND(Table[[#This Row],[Aware: Safety & Wellness Office]]="No",Table[[#This Row],[Aware: Monthly Meetings]]="Yes",Table[[#This Row],[Attended in Past 3 Years]]="Yes"), "Meeting Aware Attendee", AND(Table[[#This Row],[Aware: Safety & Wellness Office]]="No",Table[[#This Row],[Aware: Monthly Meetings]]="No",Table[[#This Row],[Attended in Past 3 Years]]="Yes"), "Unaware Attendee", AND(Table[[#This Row],[Aware: Safety & Wellness Office]]="No",Table[[#This Row],[Aware: Monthly Meetings]]="No",Table[[#This Row],[Attended in Past 3 Years]]="No"), "Unaware Non-attendee", AND(Table[[#This Row],[Aware: Safety & Wellness Office]]="Yes",Table[[#This Row],[Aware: Monthly Meetings]]="No",Table[[#This Row],[Attended in Past 3 Years]]="No"), "Office Aware Non-attendee", AND(Table[[#This Row],[Aware: Safety & Wellness Office]]="No",Table[[#This Row],[Aware: Monthly Meetings]]="Yes",Table[[#This Row],[Attended in Past 3 Years]]="No"), "Meeting Aware Non-attendee", AND(Table[[#This Row],[Aware: Safety & Wellness Office]]="Yes",Table[[#This Row],[Aware: Monthly Meetings]]="Yes",Table[[#This Row],[Attended in Past 3 Years]]="No"), "Aware Non-attendee", TRUE, "Check Data")} -> Office Aware Non-attendee | N20: Unaware of meeting schedule | O20: Unaware | P20: Yes | Q20: Yes
A21: 20 | B21: Staff_042 | C21: Sales & Marketing | D21: Division 095 | E21: 1-5 | F21: =MATCH(Table[[#This Row],[Years of Service]], {"<1","1-5","6-10","11-20","21-30","31-40","40+"}, 0) -> 2 | G21: No | H21: Non-supervisor | I21: No | J21: No | K21: {=_xlfn.IFS(AND(Table[[#This Row],[Aware: Safety & Wellness Office]]="Yes",Table[[#This Row],[Aware: Monthly Meetings]]="Yes"), "Aware of office & meeting", AND(Table[[#This Row],[Aware: Safety & Wellness Office]]="Yes", Table[[#This Row],[Aware: Monthly Meetings]]="No"), "Aware of office", AND(Table[[#This Row],[Aware: Safety & Wellness Office]]="No", Table[[#This Row],[Aware: Monthly Meetings]]="Yes"), "Aware of meeting", AND(Table[[#This Row],[Aware: Safety & Wellness Office]]="No", Table[[#This Row],[Aware: Monthly Meetings]]="No"),"Unaware of office & meeting", TRUE, "Check Data")} -> Unaware of office & meeting | L21: No | M21: {=_xlfn.IFS(AND(Table[[#This Row],[Aware: Safety & Wellness Office]]="Yes",Table[[#This Row],[Aware: Monthly Meetings]]="Yes",Table[[#This Row],[Attended in Past 3 Years]]="Yes"), "Aware Attendee", AND(Table[[#This Row],[Aware: Safety & Wellness Office]]="Yes",Table[[#This Row],[Aware: Monthly Meetings]]="No",Table[[#This Row],[Attended in Past 3 Years]]="Yes"), "Office Aware Attendee", AND(Table[[#This Row],[Aware: Safety & Wellness Office]]="No",Table[[#This Row],[Aware: Monthly Meetings]]="Yes",Table[[#This Row],[Attended in Past 3 Years]]="Yes"), "Meeting Aware Attendee", AND(Table[[#This Row],[Aware: Safety & Wellness Office]]="No",Table[[#This Row],[Aware: Monthly Meetings]]="No",Table[[#This Row],[Attended in Past 3 Years]]="Yes"), "Unaware Attendee", AND(Table[[#This Row],[Aware: Safety & Wellness Office]]="No",Table[[#This Row],[Aware: Monthly Meetings]]="No",Table[[#This Row],[Attended in Past 3 Years]]="No"), "Unaware Non-attendee", AND(Table[[#This Row],[Aware: Safety & Wellness Office]]="Yes",Table[[#This Row],[Aware: Monthly Meetings]]="No",Table[[#This Row],[Attended in Past 3 Years]]="No"), "Office Aware Non-attendee", AND(Table[[#This Row],[Aware: Safety & Wellness Office]]="No",Table[[#This Row],[Aware: Monthly Meetings]]="Yes",Table[[#This Row],[Attended in Past 3 Years]]="No"), "Meeting Aware Non-attendee", AND(Table[[#This Row],[Aware: Safety & Wellness Office]]="Yes",Table[[#This Row],[Aware: Monthly Meetings]]="Yes",Table[[#This Row],[Attended in Past 3 Years]]="No"), "Aware Non-attendee", TRUE, "Check Data")} -> Unaware Non-attendee | N21: Unaware of meeting schedule | O21: Unaware | P21: Yes | Q21: No
A22: 21 | B22: Staff_048 | C22: Sales & Marketing | D22: Division 092 | E22: 1-5 | F22: =MATCH(Table[[#This Row],[Years of Service]], {"<1","1-5","6-10","11-20","21-30","31-40","40+"}, 0) -> 2 | G22: Yes | H22: Supervisor | I22: Yes | J22: Yes | K22: {=_xlfn.IFS(AND(Table[[#This Row],[Aware: Safety & Wellness Office]]="Yes",Table[[#This Row],[Aware: Monthly Meetings]]="Yes"), "Aware of office & meeting", AND(Table[[#This Row],[Aware: Safety & Wellness Office]]="Yes", Table[[#This Row],[Aware: Monthly Meetings]]="No"), "Aware of office", AND(Table[[#This Row],[Aware: Safety & Wellness Office]]="No", Table[[#This Row],[Aware: Monthly Meetings]]="Yes"), "Aware of meeting", AND(Table[[#This Row],[Aware: Safety & Wellness Office]]="No", Table[[#This Row],[Aware: Monthly Meetings]]="No"),"Unaware of office & meeting", TRUE, "Check Data")} -> Aware of office & meeting | L22: No | M22: {=_xlfn.IFS(AND(Table[[#This Row],[Aware: Safety & Wellness Office]]="Yes",Table[[#This Row],[Aware: Monthly Meetings]]="Yes",Table[[#This Row],[Attended in Past 3 Years]]="Yes"), "Aware Attendee", AND(Table[[#This Row],[Aware: Safety & Wellness Office]]="Yes",Table[[#This Row],[Aware: Monthly Meetings]]="No",Table[[#This Row],[Attended in Past 3 Years]]="Yes"), "Office Aware Attendee", AND(Table[[#This Row],[Aware: Safety & Wellness Office]]="No",Table[[#This Row],[Aware: Monthly Meetings]]="Yes",Table[[#This Row],[Attended in Past 3 Years]]="Yes"), "Meeting Aware Attendee", AND(Table[[#This Row],[Aware: Safety & Wellness Office]]="No",Table[[#This Row],[Aware: Monthly Meetings]]="No",Table[[#This Row],[Attended in Past 3 Years]]="Yes"), "Unaware Attendee", AND(Table[[#This Row],[Aware: Safety & Wellness Office]]="No",Table[[#This Row],[Aware: Monthly Meetings]]="No",Table[[#This Row],[Attended in Past 3 Years]]="No"), "Unaware Non-attendee", AND(Table[[#This Row],[Aware: Safety & Wellness Office]]="Yes",Table[[#This Row],[Aware: Monthly Meetings]]="No",Table[[#This Row],[Attended in Past 3 Years]]="No"), "Office Aware Non-attendee", AND(Table[[#This Row],[Aware: Safety & Wellness Office]]="No",Table[[#This Row],[Aware: Monthly Meetings]]="Yes",Table[[#This Row],[Attended in Past 3 Years]]="No"), "Meeting Aware Non-attendee", AND(Table[[#This Row],[Aware: Safety & Wellness Office]]="Yes",Table[[#This Row],[Aware: Monthly Meetings]]="Yes",Table[[#This Row],[Attended in Past 3 Years]]="No"), "Aware Non-attendee", TRUE, "Check Data")} -> Aware Non-attendee | N22: Forgot due to no reminder | O22: Unaware | P22: No | Q22: No
A23: 22 | B23: Staff_051 | C23: Administration | D23: Division 091 | E23: 1-5 | F23: =MATCH(Table[[#This Row],[Years of Service]], {"<1","1-5","6-10","11-20","21-30","31-40","40+"}, 0) -> 2 | G23: No | H23: Non-supervisor | I23: Yes | J23: Yes | K23: {=_xlfn.IFS(AND(Table[[#This Row],[Aware: Safety & Wellness Office]]="Yes",Table[[#This Row],[Aware: Monthly Meetings]]="Yes"), "Aware of office & meeting", AND(Table[[#This Row],[Aware: Safety & Wellness Office]]="Yes", Table[[#This Row],[Aware: Monthly Meetings]]="No"), "Aware of office", AND(Table[[#This Row],[Aware: Safety & Wellness Office]]="No", Table[[#This Row],[Aware: Monthly Meetings]]="Yes"), "Aware of meeting", AND(Table[[#This Row],[Aware: Safety & Wellness Office]]="No", Table[[#This Row],[Aware: Monthly Meetings]]="No"),"Unaware of office & meeting", TRUE, "Check Data")} -> Aware of office & meeting | L23: Yes | M23: {=_xlfn.IFS(AND(Table[[#This Row],[Aware: Safety & Wellness Office]]="Yes",Table[[#This Row],[Aware: Monthly Meetings]]="Yes",Table[[#This Row],[Attended in Past 3 Years]]="Yes"), "Aware Attendee", AND(Table[[#This Row],[Aware: Safety & Wellness Office]]="Yes",Table[[#This Row],[Aware: Monthly Meetings]]="No",Table[[#This Row],[Attended in Past 3 Years]]="Yes"), "Office Aware Attendee", AND(Table[[#This Row],[Aware: Safety & Wellness Office]]="No",Table[[#This Row],[Aware: Monthly Meetings]]="Yes",Table[[#This Row],[Attended in Past 3 Years]]="Yes"), "Meeting Aware Attendee", AND(Table[[#This Row],[Aware: Safety & Wellness Office]]="No",Table[[#This Row],[Aware: Monthly Meetings]]="No",Table[[#This Row],[Attended in Past 3 Years]]="Yes"), "Unaware Attendee", AND(Table[[#This Row],[Aware: Safety & Wellness Office]]="No",Table[[#This Row],[Aware: Monthly Meetings]]="No",Table[[#This Row],[Attended in Past 3 Years]]="No"), "Unaware Non-attendee", AND(Table[[#This Row],[Aware: Safety & Wellness Office]]="Yes",Table[[#This Row],[Aware: Monthly Meetings]]="No",Table[[#This Row],[Attended in Past 3 Years]]="No"), "Office Aware Non-attendee", AND(Table[[#This Row],[Aware: Safety & Wellness Office]]="No",Table[[#This Row],[Aware: Monthly Meetings]]="Yes",Table[[#This Row],[Attended in Past 3 Years]]="No"), "Meeting Aware Non-attendee", AND(Table[[#This Row],[Aware: Safety & Wellness Office]]="Yes",Table[[#This Row],[Aware: Monthly Meetings]]="Yes",Table[[#This Row],[Attended in Past 3 Years]]="No"), "Aware Non-attendee", TRUE, "Check Data")} -> Aware Attendee | O23: Unaware | P23: Yes | Q23: Yes
A24: 23 | B24: Staff_062 | C24: Sales & Marketing | D24: Division 052 | E24: 1-5 | F24: =MATCH(Table[[#This Row],[Years of Service]], {"<1","1-5","6-10","11-20","21-30","31-40","40+"}, 0) -> 2 | G24: No | H24: Non-supervisor | I24: Yes | J24: Yes | K24: {=_xlfn.IFS(AND(Table[[#This Row],[Aware: Safety & Wellness Office]]="Yes",Table[[#This Row],[Aware: Monthly Meetings]]="Yes"), "Aware of office & meeting", AND(Table[[#This Row],[Aware: Safety & Wellness Office]]="Yes", Table[[#This Row],[Aware: Monthly Meetings]]="No"), "Aware of office", AND(Table[[#This Row],[Aware: Safety & Wellness Office]]="No", Table[[#This Row],[Aware: Monthly Meetings]]="Yes"), "Aware of meeting", AND(Table[[#This Row],[Aware: Safety & Wellness Office]]="No", Table[[#This Row],[Aware: Monthly Meetings]]="No"),"Unaware of office & meeting", TRUE, "Check Data")} -> Aware of office & meeting | L24: Yes | M24: {=_xlfn.IFS(AND(Table[[#This Row],[Aware: Safety & Wellness Office]]="Yes",Table[[#This Row],[Aware: Monthly Meetings]]="Yes",Table[[#This Row],[Attended in Past 3 Years]]="Yes"), "Aware Attendee", AND(Table[[#This Row],[Aware: Safety & Wellness Office]]="Yes",Table[[#This Row],[Aware: Monthly Meetings]]="No",Table[[#This Row],[Attended in Past 3 Years]]="Yes"), "Office Aware Attendee", AND(Table[[#This Row],[Aware: Safety & Wellness Office]]="No",Table[[#This Row],[Aware: Monthly Meetings]]="Yes",Table[[#This Row],[Attended in Past 3 Years]]="Yes"), "Meeting Aware Attendee", AND(Table[[#This Row],[Aware: Safety & Wellness Office]]="No",Table[[#This Row],[Aware: Monthly Meetings]]="No",Table[[#This Row],[Attended in Past 3 Years]]="Yes"), "Unaware Attendee", AND(Table[[#This Row],[Aware: Safety & Wellness Office]]="No",Table[[#This Row],[Aware: Monthly Meetings]]="No",Table[[#This Row],[Attended in Past 3 Years]]="No"), "Unaware Non-attendee", AND(Table[[#This Row],[Aware: Safety & Wellness Office]]="Yes",Table[[#This Row],[Aware: Monthly Meetings]]="No",Table[[#This Row],[Attended in Past 3 Years]]="No"), "Office Aware Non-attendee", AND(Table[[#This Row],[Aware: Safety & Wellness Office]]="No",Table[[#This Row],[Aware: Monthly Meetings]]="Yes",Table[[#This Row],[Attended in Past 3 Years]]="No"), "Meeting Aware Non-attendee", AND(Table[[#This Row],[Aware: Safety & Wellness Office]]="Yes",Table[[#This Row],[Aware: Monthly Meetings]]="Yes",Table[[#This Row],[Attended in Past 3 Years]]="No"), "Aware Non-attendee", TRUE, "Check Data")} -> Aware Attendee | O24: NA | P24: Yes | Q24: Yes
A25: 24 | B25: Staff_063 | C25: Sales & Marketing | D25: Division 075 | E25: 1-5 | F25: =MATCH(Table[[#This Row],[Years of Service]], {"<1","1-5","6-10","11-20","21-30","31-40","40+"}, 0) -> 2 | G25: Yes | H25: Supervisor | I25: Yes | J25: Yes | K25: {=_xlfn.IFS(AND(Table[[#This Row],[Aware: Safety & Wellness Office]]="Yes",Table[[#This Row],[Aware: Monthly Meetings]]="Yes"), "Aware of office & meeting", AND(Table[[#This Row],[Aware: Safety & Wellness Office]]="Yes", Table[[#This Row],[Aware: Monthly Meetings]]="No"), "Aware of office", AND(Table[[#This Row],[Aware: Safety & Wellness Office]]="No", Table[[#This Row],[Aware: Monthly Meetings]]="Yes"), "Aware of meeting", AND(Table[[#This Row],[Aware: Safety & Wellness Office]]="No", Table[[#This Row],[Aware: Monthly Meetings]]="No"),"Unaware of office & meeting", TRUE, "Check Data")} -> Aware of office & meeting | L25: No | M25: {=_xlfn.IFS(AND(Table[[#This Row],[Aware: Safety & Wellness Office]]="Yes",Table[[#This Row],[Aware: Monthly Meetings]]="Yes",Table[[#This Row],[Attended in Past 3 Years]]="Yes"), "Aware Attendee", AND(Table[[#This Row],[Aware: Safety & Wellness Office]]="Yes",Table[[#This Row],[Aware: Monthly Meetings]]="No",Table[[#This Row],[Attended in Past 3 Years]]="Yes"), "Office Aware Attendee", AND(Table[[#This Row],[Aware: Safety & Wellness Office]]="No",Table[[#This Row],[Aware: Monthly Meetings]]="Yes",Table[[#This Row],[Attended in Past 3 Years]]="Yes"), "Meeting Aware Attendee", AND(Table[[#This Row],[Aware: Safety & Wellness Office]]="No",Table[[#This Row],[Aware: Monthly Meetings]]="No",Table[[#This Row],[Attended in Past 3 Years]]="Yes"), "Unaware Attendee", AND(Table[[#This Row],[Aware: Safety & Wellness Office]]="No",Table[[#This Row],[Aware: Monthly Meetings]]="No",Table[[#This Row],[Attended in Past 3 Years]]="No"), "Unaware Non-attendee", AND(Table[[#This Row],[Aware: Safety & Wellness Office]]="Yes",Table[[#This Row],[Aware: Monthly Meetings]]="No",Table[[#This Row],[Attended in Past 3 Years]]="No"), "Office Aware Non-attendee", AND(Table[[#This Row],[Aware: Safety & Wellness Office]]="No",Table[[#This Row],[Aware: Monthly Meetings]]="Yes",Table[[#This Row],[Attended in Past 3 Years]]="No"), "Meeting Aware Non-attendee", AND(Table[[#This Row],[Aware: Safety & Wellness Office]]="Yes",Table[[#This Row],[Aware: Monthly Meetings]]="Yes",Table[[#This Row],[Attended in Past 3 Years]]="No"), "Aware Non-attendee", TRUE, "Check Data")} -> Aware Non-attendee | N25: Out on leave / travel | O25: Unaware | P25: Yes | Q25: Yes
A26: 25 | B26: Staff_077 | C26: Administration | D26: Division 037 | E26: 1-5 | F26: =MATCH(Table[[#This Row],[Years of Service]], {"<1","1-5","6-10","11-20","21-30","31-40","40+"}, 0) -> 2 | G26: No | H26: Non-supervisor | I26: No | J26: No | K26: {=_xlfn.IFS(AND(Table[[#This Row],[Aware: Safety & Wellness Office]]="Yes",Table[[#This Row],[Aware: Monthly Meetings]]="Yes"), "Aware of office & meeting", AND(Table[[#This Row],[Aware: Safety & Wellness Office]]="Yes", Table[[#This Row],[Aware: Monthly Meetings]]="No"), "Aware of office", AND(Table[[#This Row],[Aware: Safety & Wellness Office]]="No", Table[[#This Row],[Aware: Monthly Meetings]]="Yes"), "Aware of meeting", AND(Table[[#This Row],[Aware: Safety & Wellness Office]]="No", Table[[#This Row],[Aware: Monthly Meetings]]="No"),"Unaware of office & meeting", TRUE, "Check Data")} -> Unaware of office & meeting | L26: No | M26: {=_xlfn.IFS(AND(Table[[#This Row],[Aware: Safety & Wellness Office]]="Yes",Table[[#This Row],[Aware: Monthly Meetings]]="Yes",Table[[#This Row],[Attended in Past 3 Years]]="Yes"), "Aware Attendee", AND(Table[[#This Row],[Aware: Safety & Wellness Office]]="Yes",Table[[#This Row],[Aware: Monthly Meetings]]="No",Table[[#This Row],[Attended in Past 3 Years]]="Yes"), "Office Aware Attendee", AND(Table[[#This Row],[Aware: Safety & Wellness Office]]="No",Table[[#This Row],[Aware: Monthly Meetings]]="Yes",Table[[#This Row],[Attended in Past 3 Years]]="Yes"), "Meeting Aware Attendee", AND(Table[[#This Row],[Aware: Safety & Wellness Office]]="No",Table[[#This Row],[Aware: Monthly Meetings]]="No",Table[[#This Row],[Attended in Past 3 Years]]="Yes"), "Unaware Attendee", AND(Table[[#This Row],[Aware: Safety & Wellness Office]]="No",Table[[#This Row],[Aware: Monthly Meetings]]="No",Table[[#This Row],[Attended in Past 3 Years]]="No"), "Unaware Non-attendee", AND(Table[[#This Row],[Aware: Safety & Wellness Office]]="Yes",Table[[#This Row],[Aware: Monthly Meetings]]="No",Table[[#This Row],[Attended in Past 3 Years]]="No"), "Office Aware Non-attendee", AND(Table[[#This Row],[Aware: Safety & Wellness Office]]="No",Table[[#This Row],[Aware: Monthly Meetings]]="Yes",Table[[#This Row],[Attended in Past 3 Years]]="No"), "Meeting Aware Non-attendee", AND(Table[[#This Row],[Aware: Safety & Wellness Office]]="Yes",Table[[#This Row],[Aware: Monthly Meetings]]="Yes",Table[[#This Row],[Attended in Past 3 Years]]="No"), "Aware Non-attendee", TRUE, "Check Data")} -> Unaware Non-attendee | N26: Unaware of meeting schedule | O26: Unaware | P26: Yes | Q26: Yes
A27: 26 | B27: Staff_078 | C27: Repairs | D27: Division 097 | E27: 1-5 | F27: =MATCH(Table[[#This Row],[Years of Service]], {"<1","1-5","6-10","11-20","21-30","31-40","40+"}, 0) -> 2 | G27: No | H27: Non-supervisor | I27: Yes | J27: Yes | K27: {=_xlfn.IFS(AND(Table[[#This Row],[Aware: Safety & Wellness Office]]="Yes",Table[[#This Row],[Aware: Monthly Meetings]]="Yes"), "Aware of office & meeting", AND(Table[[#This Row],[Aware: Safety & Wellness Office]]="Yes", Table[[#This Row],[Aware: Monthly Meetings]]="No"), "Aware of office", AND(Table[[#This Row],[Aware: Safety & Wellness Office]]="No", Table[[#This Row],[Aware: Monthly Meetings]]="Yes"), "Aware of meeting", AND(Table[[#This Row],[Aware: Safety & Wellness Office]]="No", Table[[#This Row],[Aware: Monthly Meetings]]="No"),"Unaware of office & meeting", TRUE, "Check Data")} -> Aware of office & meeting | L27: Yes | M27: {=_xlfn.IFS(AND(Table[[#This Row],[Aware: Safety & Wellness Office]]="Yes",Table[[#This Row],[Aware: Monthly Meetings]]="Yes",Table[[#This Row],[Attended in Past 3 Years]]="Yes"), "Aware Attendee", AND(Table[[#This Row],[Aware: Safety & Wellness Office]]="Yes",Table[[#This Row],[Aware: Monthly Meetings]]="No",Table[[#This Row],[Attended in Past 3 Years]]="Yes"), "Office Aware Attendee", AND(Table[[#This Row],[Aware: Safety & Wellness Office]]="No",Table[[#This Row],[Aware: Monthly Meetings]]="Yes",Table[[#This Row],[Attended in Past 3 Years]]="Yes"), "Meeting Aware Attendee", AND(Table[[#This Row],[Aware: Safety & Wellness Office]]="No",Table[[#This Row],[Aware: Monthly Meetings]]="No",Table[[#This Row],[Attended in Past 3 Years]]="Yes"), "Unaware Attendee", AND(Table[[#This Row],[Aware: Safety & Wellness Office]]="No",Table[[#This Row],[Aware: Monthly Meetings]]="No",Table[[#This Row],[Attended in Past 3 Years]]="No"), "Unaware Non-attendee", AND(Table[[#This Row],[Aware: Safety & Wellness Office]]="Yes",Table[[#This Row],[Aware: Monthly Meetings]]="No",Table[[#This Row],[Attended in Past 3 Years]]="No"), "Office Aware Non-attendee", AND(Table[[#This Row],[Aware: Safety & Wellness Office]]="No",Table[[#This Row],[Aware: Monthly Meetings]]="Yes",Table[[#This Row],[Attended in Past 3 Years]]="No"), "Meeting Aware Non-attendee", AND(Table[[#This Row],[Aware: Safety & Wellness Office]]="Yes",Table[[#This Row],[Aware: Monthly Meetings]]="Yes",Table[[#This Row],[Attended in Past 3 Years]]="No"), "Aware Non-attendee", TRUE, "Check Data")} -> Aware Attendee | O27: NA | P27: Yes | Q27: Unsure
A28: 27 | B28: Staff_079 | C28: Administration | D28: Division 011 | E28: 1-5 | F28: =MATCH(Table[[#This Row],[Years of Service]], {"<1","1-5","6-10","11-20","21-30","31-40","40+"}, 0) -> 2 | G28: No | H28: Non-supervisor | I28: No | J28: No | K28: {=_xlfn.IFS(AND(Table[[#This Row],[Aware: Safety & Wellness Office]]="Yes",Table[[#This Row],[Aware: Monthly Meetings]]="Yes"), "Aware of office & meeting", AND(Table[[#This Row],[Aware: Safety & Wellness Office]]="Yes", Table[[#This Row],[Aware: Monthly Meetings]]="No"), "Aware of office", AND(Table[[#This Row],[Aware: Safety & Wellness Office]]="No", Table[[#This Row],[Aware: Monthly Meetings]]="Yes"), "Aware of meeting", AND(Table[[#This Row],[Aware: Safety & Wellness Office]]="No", Table[[#This Row],[Aware: Monthly Meetings]]="No"),"Unaware of office & meeting", TRUE, "Check Data")} -> Unaware of office & meeting | L28: No | M28: {=_xlfn.IFS(AND(Table[[#This Row],[Aware: Safety & Wellness Office]]="Yes",Table[[#This Row],[Aware: Monthly Meetings]]="Yes",Table[[#This Row],[Attended in Past 3 Years]]="Yes"), "Aware Attendee", AND(Table[[#This Row],[Aware: Safety & Wellness Office]]="Yes",Table[[#This Row],[Aware: Monthly Meetings]]="No",Table[[#This Row],[Attended in Past 3 Years]]="Yes"), "Office Aware Attendee", AND(Table[[#This Row],[Aware: Safety & Wellness Office]]="No",Table[[#This Row],[Aware: Monthly Meetings]]="Yes",Table[[#This Row],[Attended in Past 3 Years]]="Yes"), "Meeting Aware Attendee", AND(Table[[#This Row],[Aware: Safety & Wellness Office]]="No",Table[[#This Row],[Aware: Monthly Meetings]]="No",Table[[#This Row],[Attended in Past 3 Years]]="Yes"), "Unaware Attendee", AND(Table[[#This Row],[Aware: Safety & Wellness Office]]="No",Table[[#This Row],[Aware: Monthly Meetings]]="No",Table[[#This Row],[Attended in Past 3 Years]]="No"), "Unaware Non-attendee", AND(Table[[#This Row],[Aware: Safety & Wellness Office]]="Yes",Table[[#This Row],[Aware: Monthly Meetings]]="No",Table[[#This Row],[Attended in Past 3 Years]]="No"), "Office Aware Non-attendee", AND(Table[[#This Row],[Aware: Safety & Wellness Office]]="No",Table[[#This Row],[Aware: Monthly Meetings]]="Yes",Table[[#This Row],[Attended in Past 3 Years]]="No"), "Meeting Aware Non-attendee", AND(Table[[#This Row],[Aware: Safety & Wellness Office]]="Yes",Table[[#This Row],[Aware: Monthly Meetings]]="Yes",Table[[#This Row],[Attended in Past 3 Years]]="No"), "Aware Non-attendee", TRUE, "Check Data")} -> Unaware Non-attendee | N28: Unaware of meeting schedule | O28: Unaware | P28: Yes | Q28: Yes | X28: s
A29: 28 | B29: Staff_081 | C29: Administration | D29: Division 043 | E29: 1-5 | F29: =MATCH(Table[[#This Row],[Years of Service]], {"<1","1-5","6-10","11-20","21-30","31-40","40+"}, 0) -> 2 | G29: No | H29: Non-supervisor | I29: Yes | J29: No | K29: {=_xlfn.IFS(AND(Table[[#This Row],[Aware: Safety & Wellness Office]]="Yes",Table[[#This Row],[Aware: Monthly Meetings]]="Yes"), "Aware of office & meeting", AND(Table[[#This Row],[Aware: Safety & Wellness Office]]="Yes", Table[[#This Row],[Aware: Monthly Meetings]]="No"), "Aware of office", AND(Table[[#This Row],[Aware: Safety & Wellness Office]]="No", Table[[#This Row],[Aware: Monthly Meetings]]="Yes"), "Aware of meeting", AND(Table[[#This Row],[Aware: Safety & Wellness Office]]="No", Table[[#This Row],[Aware: Monthly Meetings]]="No"),"Unaware of office & meeting", TRUE, "Check Data")} -> Aware of office | L29: No | M29: {=_xlfn.IFS(AND(Table[[#This Row],[Aware: Safety & Wellness Office]]="Yes",Table[[#This Row],[Aware: Monthly Meetings]]="Yes",Table[[#This Row],[Attended in Past 3 Years]]="Yes"), "Aware Attendee", AND(Table[[#This Row],[Aware: Safety & Wellness Office]]="Yes",Table[[#This Row],[Aware: Monthly Meetings]]="No",Table[[#This Row],[Attended in Past 3 Years]]="Yes"), "Office Aware Attendee", AND(Table[[#This Row],[Aware: Safety & Wellness Office]]="No",Table[[#This Row],[Aware: Monthly Meetings]]="Yes",Table[[#This Row],[Attended in Past 3 Years]]="Yes"), "Meeting Aware Attendee", AND(Table[[#This Row],[Aware: Safety & Wellness Office]]="No",Table[[#This Row],[Aware: Monthly Meetings]]="No",Table[[#This Row],[Attended in Past 3 Years]]="Yes"), "Unaware Attendee", AND(Table[[#This Row],[Aware: Safety & Wellness Office]]="No",Table[[#This Row],[Aware: Monthly Meetings]]="No",Table[[#This Row],[Attended in Past 3 Years]]="No"), "Unaware Non-attendee", AND(Table[[#This Row],[Aware: Safety & Wellness Office]]="Yes",Table[[#This Row],[Aware: Monthly Meetings]]="No",Table[[#This Row],[Attended in Past 3 Years]]="No"), "Office Aware Non-attendee", AND(Table[[#This Row],[Aware: Safety & Wellness Office]]="No",Table[[#This Row],[Aware: Monthly Meetings]]="Yes",Table[[#This Row],[Attended in Past 3 Years]]="No"), "Meeting Aware Non-attendee", AND(Table[[#This Row],[Aware: Safety & Wellness Office]]="Yes",Table[[#This Row],[Aware: Monthly Meetings]]="Yes",Table[[#This Row],[Attended in Past 3 Years]]="No"), "Aware Non-attendee", TRUE, "Check Data")} -> Office Aware Non-attendee | N29: Unaware of meeting schedule | O29: Unaware | P29: Yes | Q29: Unsure
A30: 29 | B30: Staff_083 | C30: Administration | D30: Division 060 | E30: 1-5 | F30: =MATCH(Table[[#This Row],[Years of Service]], {"<1","1-5","6-10","11-20","21-30","31-40","40+"}, 0) -> 2 | G30: No | H30: Non-supervisor | I30: No | J30: No | K30: {=_xlfn.IFS(AND(Table[[#This Row],[Aware: Safety & Wellness Office]]="Yes",Table[[#This Row],[Aware: Monthly Meetings]]="Yes"), "Aware of office & meeting", AND(Table[[#This Row],[Aware: Safety & Wellness Office]]="Yes", Table[[#This Row],[Aware: Monthly Meetings]]="No"), "Aware of office", AND(Table[[#This Row],[Aware: Safety & Wellness Office]]="No", Table[[#This Row],[Aware: Monthly Meetings]]="Yes"), "Aware of meeting", AND(Table[[#This Row],[Aware: Safety & Wellness Office]]="No", Table[[#This Row],[Aware: Monthly Meetings]]="No"),"Unaware of office & meeting", TRUE, "Check Data")} -> Unaware of office & meeting | L30: No | M30: {=_xlfn.IFS(AND(Table[[#This Row],[Aware: Safety & Wellness Office]]="Yes",Table[[#This Row],[Aware: Monthly Meetings]]="Yes",Table[[#This Row],[Attended in Past 3 Years]]="Yes"), "Aware Attendee", AND(Table[[#This Row],[Aware: Safety & Wellness Office]]="Yes",Table[[#This Row],[Aware: Monthly Meetings]]="No",Table[[#This Row],[Attended in Past 3 Years]]="Yes"), "Office Aware Attendee", AND(Table[[#This Row],[Aware: Safety & Wellness Office]]="No",Table[[#This Row],[Aware: Monthly Meetings]]="Yes",Table[[#This Row],[Attended in Past 3 Years]]="Yes"), "Meeting Aware Attendee", AND(Table[[#This Row],[Aware: Safety & Wellness Office]]="No",Table[[#This Row],[Aware: Monthly Meetings]]="No",Table[[#This Row],[Attended in Past 3 Years]]="Yes"), "Unaware Attendee", AND(Table[[#This Row],[Aware: Safety & Wellness Office]]="No",Table[[#This Row],[Aware: Monthly Meetings]]="No",Table[[#This Row],[Attended in Past 3 Years]]="No"), "Unaware Non-attendee", AND(Table[[#This Row],[Aware: Safety & Wellness Office]]="Yes",Table[[#This Row],[Aware: Monthly Meetings]]="No",Table[[#This Row],[Attended in Past 3 Years]]="No"), "Office Aware Non-attendee", AND(Table[[#This Row],[Aware: Safety & Wellness Office]]="No",Table[[#This Row],[Aware: Monthly Meetings]]="Yes",Table[[#This Row],[Attended in Past 3 Years]]="No"), "Meeting Aware Non-attendee", AND(Table[[#This Row],[Aware: Safety & Wellness Office]]="Yes",Table[[#This Row],[Aware: Monthly Meetings]]="Yes",Table[[#This Row],[Attended in Past 3 Years]]="No"), "Aware Non-attendee", TRUE, "Check Data")} -> Unaware Non-attendee | N30: Unaware of meeting schedule | O30: Unaware | P30: Yes | Q30: Yes
A31: 30 | B31: Staff_088 | C31: Administration | D31: Division 050 | E31: 1-5 | F31: =MATCH(Table[[#This Row],[Years of Service]], {"<1","1-5","6-10","11-20","21-30","31-40","40+"}, 0) -> 2 | G31: No | H31: Non-supervisor | I31: Yes | J31: Yes | K31: {=_xlfn.IFS(AND(Table[[#This Row],[Aware: Safety & Wellness Office]]="Yes",Table[[#This Row],[Aware: Monthly Meetings]]="Yes"), "Aware of office & meeting", AND(Table[[#This Row],[Aware: Safety & Wellness Office]]="Yes", Table[[#This Row],[Aware: Monthly Meetings]]="No"), "Aware of office", AND(Table[[#This Row],[Aware: Safety & Wellness Office]]="No", Table[[#This Row],[Aware: Monthly Meetings]]="Yes"), "Aware of meeting", AND(Table[[#This Row],[Aware: Safety & Wellness Office]]="No", Table[[#This Row],[Aware: Monthly Meetings]]="No"),"Unaware of office & meeting", TRUE, "Check Data")} -> Aware of office & meeting | L31: Yes | M31: {=_xlfn.IFS(AND(Table[[#This Row],[Aware: Safety & Wellness Office]]="Yes",Table[[#This Row],[Aware: Monthly Meetings]]="Yes",Table[[#This Row],[Attended in Past 3 Years]]="Yes"), "Aware Attendee", AND(Table[[#This Row],[Aware: Safety & Wellness Office]]="Yes",Table[[#This Row],[Aware: Monthly Meetings]]="No",Table[[#This Row],[Attended in Past 3 Years]]="Yes"), "Office Aware Attendee", AND(Table[[#This Row],[Aware: Safety & Wellness Office]]="No",Table[[#This Row],[Aware: Monthly Meetings]]="Yes",Table[[#This Row],[Attended in Past 3 Years]]="Yes"), "Meeting Aware Attendee", AND(Table[[#This Row],[Aware: Safety & Wellness Office]]="No",Table[[#This Row],[Aware: Monthly Meetings]]="No",Table[[#This Row],[Attended in Past 3 Years]]="Yes"), "Unaware Attendee", AND(Table[[#This Row],[Aware: Safety & Wellness Office]]="No",Table[[#This Row],[Aware: Monthly Meetings]]="No",Table[[#This Row],[Attended in Past 3 Years]]="No"), "Unaware Non-attendee", AND(Table[[#This Row],[Aware: Safety & Wellness Office]]="Yes",Table[[#This Row],[Aware: Monthly Meetings]]="No",Table[[#This Row],[Attended in Past 3 Years]]="No"), "Office Aware Non-attendee", AND(Table[[#This Row],[Aware: Safety & Wellness Office]]="No",Table[[#This Row],[Aware: Monthly Meetings]]="Yes",Table[[#This Row],[Attended in Past 3 Years]]="No"), "Meeting Aware Non-attendee", AND(Table[[#This Row],[Aware: Safety & Wellness Office]]="Yes",Table[[#This Row],[Aware: Monthly Meetings]]="Yes",Table[[#This Row],[Attended in Past 3 Years]]="No"), "Aware Non-attendee", TRUE, "Check Data")} -> Aware Attendee | O31: Unaware | P31: Yes | Q31: Unsure
A32: 31 | B32: Staff_089 | C32: Administration | D32: Division 016 | E32: 1-5 | F32: =MATCH(Table[[#This Row],[Years of Service]], {"<1","1-5","6-10","11-20","21-30","31-40","40+"}, 0) -> 2 | G32: No | H32: Non-supervisor | I32: Yes | J32: Yes | K32: {=_xlfn.IFS(AND(Table[[#This Row],[Aware: Safety & Wellness Office]]="Yes",Table[[#This Row],[Aware: Monthly Meetings]]="Yes"), "Aware of office & meeting", AND(Table[[#This Row],[Aware: Safety & Wellness Office]]="Yes", Table[[#This Row],[Aware: Monthly Meetings]]="No"), "Aware of office", AND(Table[[#This Row],[Aware: Safety & Wellness Office]]="No", Table[[#This Row],[Aware: Monthly Meetings]]="Yes"), "Aware of meeting", AND(Table[[#This Row],[Aware: Safety & Wellness Office]]="No", Table[[#This Row],[Aware: Monthly Meetings]]="No"),"Unaware of office & meeting", TRUE, "Check Data")} -> Aware of office & meeting | L32: Yes | M32: {=_xlfn.IFS(AND(Table[[#This Row],[Aware: Safety & Wellness Office]]="Yes",Table[[#This Row],[Aware: Monthly Meetings]]="Yes",Table[[#This Row],[Attended in Past 3 Years]]="Yes"), "Aware Attendee", AND(Table[[#This Row],[Aware: Safety & Wellness Office]]="Yes",Table[[#This Row],[Aware: Monthly Meetings]]="No",Table[[#This Row],[Attended in Past 3 Years]]="Yes"), "Office Aware Attendee", AND(Table[[#This Row],[Aware: Safety & Wellness Office]]="No",Table[[#This Row],[Aware: Monthly Meetings]]="Yes",Table[[#This Row],[Attended in Past 3 Years]]="Yes"), "Meeting Aware Attendee", AND(Table[[#This Row],[Aware: Safety & Wellness Office]]="No",Table[[#This Row],[Aware: Monthly Meetings]]="No",Table[[#This Row],[Attended in Past 3 Years]]="Yes"), "Unaware Attendee", AND(Table[[#This Row],[Aware: Safety & Wellness Office]]="No",Table[[#This Row],[Aware: Monthly Meetings]]="No",Table[[#This Row],[Attended in Past 3 Years]]="No"), "Unaware Non-attendee", AND(Table[[#This Row],[Aware: Safety & Wellness Office]]="Yes",Table[[#This Row],[Aware: Monthly Meetings]]="No",Table[[#This Row],[Attended in Past 3 Years]]="No"), "Office Aware Non-attendee", AND(Table[[#This Row],[Aware: Safety & Wellness Office]]="No",Table[[#This Row],[Aware: Monthly Meetings]]="Yes",Table[[#This Row],[Attended in Past 3 Years]]="No"), "Meeting Aware Non-attendee", AND(Table[[#This Row],[Aware: Safety & Wellness Office]]="Yes",Table[[#This Row],[Aware: Monthly Meetings]]="Yes",Table[[#This Row],[Attended in Past 3 Years]]="No"), "Aware Non-attendee", TRUE, "Check Data")} -> Aware Attendee | O32: NA | P32: Yes | Q32: No
A33: 32 | B33: Staff_095 | C33: Sales & Marketing | D33: Division 026 | E33: 1-5 | F33: =MATCH(Table[[#This Row],[Years of Service]], {"<1","1-5","6-10","11-20","21-30","31-40","40+"}, 0) -> 2 | G33: No | H33: Non-supervisor | I33: Yes | J33: No | K33: {=_xlfn.IFS(AND(Table[[#This Row],[Aware: Safety & Wellness Office]]="Yes",Table[[#This Row],[Aware: Monthly Meetings]]="Yes"), "Aware of office & meeting", AND(Table[[#This Row],[Aware: Safety & Wellness Office]]="Yes", Table[[#This Row],[Aware: Monthly Meetings]]="No"), "Aware of office", AND(Table[[#This Row],[Aware: Safety & Wellness Office]]="No", Table[[#This Row],[Aware: Monthly Meetings]]="Yes"), "Aware of meeting", AND(Table[[#This Row],[Aware: Safety & Wellness Office]]="No", Table[[#This Row],[Aware: Monthly Meetings]]="No"),"Unaware of office & meeting", TRUE, "Check Data")} -> Aware of office | L33: No | M33: {=_xlfn.IFS(AND(Table[[#This Row],[Aware: Safety & Wellness Office]]="Yes",Table[[#This Row],[Aware: Monthly Meetings]]="Yes",Table[[#This Row],[Attended in Past 3 Years]]="Yes"), "Aware Attendee", AND(Table[[#This Row],[Aware: Safety & Wellness Office]]="Yes",Table[[#This Row],[Aware: Monthly Meetings]]="No",Table[[#This Row],[Attended in Past 3 Years]]="Yes"), "Office Aware Attendee", AND(Table[[#This Row],[Aware: Safety & Wellness Office]]="No",Table[[#This Row],[Aware: Monthly Meetings]]="Yes",Table[[#This Row],[Attended in Past 3 Years]]="Yes"), "Meeting Aware Attendee", AND(Table[[#This Row],[Aware: Safety & Wellness Office]]="No",Table[[#This Row],[Aware: Monthly Meetings]]="No",Table[[#This Row],[Attended in Past 3 Years]]="Yes"), "Unaware Attendee", AND(Table[[#This Row],[Aware: Safety & Wellness Office]]="No",Table[[#This Row],[Aware: Monthly Meetings]]="No",Table[[#This Row],[Attended in Past 3 Years]]="No"), "Unaware Non-attendee", AND(Table[[#This Row],[Aware: Safety & Wellness Office]]="Yes",Table[[#This Row],[Aware: Monthly Meetings]]="No",Table[[#This Row],[Attended in Past 3 Years]]="No"), "Office Aware Non-attendee", AND(Table[[#This Row],[Aware: Safety & Wellness Office]]="No",Table[[#This Row],[Aware: Monthly Meetings]]="Yes",Table[[#This Row],[Attended in Past 3 Years]]="No"), "Meeting Aware Non-attendee", AND(Table[[#This Row],[Aware: Safety & Wellness Office]]="Yes",Table[[#This Row],[Aware: Monthly Meetings]]="Yes",Table[[#This Row],[Attended in Past 3 Years]]="No"), "Aware Non-attendee", TRUE, "Check Data")} -> Office Aware Non-attendee | N33: Unaware of meeting schedule | O33: Unaware | P33: Yes | Q33: Unsure
A34: 33 | B34: Staff_002 | C34: Repairs | D34: Division 024 | E34: 6-10 | F34: =MATCH(Table[[#This Row],[Years of Service]], {"<1","1-5","6-10","11-20","21-30","31-40","40+"}, 0) -> 3 | G34: No | H34: Non-supervisor | I34: Yes | J34: Yes | K34: {=_xlfn.IFS(AND(Table[[#This Row],[Aware: Safety & Wellness Office]]="Yes",Table[[#This Row],[Aware: Monthly Meetings]]="Yes"), "Aware of office & meeting", AND(Table[[#This Row],[Aware: Safety & Wellness Office]]="Yes", Table[[#This Row],[Aware: Monthly Meetings]]="No"), "Aware of office", AND(Table[[#This Row],[Aware: Safety & Wellness Office]]="No", Table[[#This Row],[Aware: Monthly Meetings]]="Yes"), "Aware of meeting", AND(Table[[#This Row],[Aware: Safety & Wellness Office]]="No", Table[[#This Row],[Aware: Monthly Meetings]]="No"),"Unaware of office & meeting", TRUE, "Check Data")} -> Aware of office & meeting | L34: Yes | M34: {=_xlfn.IFS(AND(Table[[#This Row],[Aware: Safety & Wellness Office]]="Yes",Table[[#This Row],[Aware: Monthly Meetings]]="Yes",Table[[#This Row],[Attended in Past 3 Years]]="Yes"), "Aware Attendee", AND(Table[[#This Row],[Aware: Safety & Wellness Office]]="Yes",Table[[#This Row],[Aware: Monthly Meetings]]="No",Table[[#This Row],[Attended in Past 3 Years]]="Yes"), "Office Aware Attendee", AND(Table[[#This Row],[Aware: Safety & Wellness Office]]="No",Table[[#This Row],[Aware: Monthly Meetings]]="Yes",Table[[#This Row],[Attended in Past 3 Years]]="Yes"), "Meeting Aware Attendee", AND(Table[[#This Row],[Aware: Safety & Wellness Office]]="No",Table[[#This Row],[Aware: Monthly Meetings]]="No",Table[[#This Row],[Attended in Past 3 Years]]="Yes"), "Unaware Attendee", AND(Table[[#This Row],[Aware: Safety & Wellness Office]]="No",Table[[#This Row],[Aware: Monthly Meetings]]="No",Table[[#This Row],[Attended in Past 3 Years]]="No"), "Unaware Non-attendee", AND(Table[[#This Row],[Aware: Safety & Wellness Office]]="Yes",Table[[#This Row],[Aware: Monthly Meetings]]="No",Table[[#This Row],[Attended in Past 3 Years]]="No"), "Office Aware Non-attendee", AND(Table[[#This Row],[Aware: Safety & Wellness Office]]="No",Table[[#This Row],[Aware: Monthly Meetings]]="Yes",Table[[#This Row],[Attended in Past 3 Years]]="No"), "Meeting Aware Non-attendee", AND(Table[[#This Row],[Aware: Safety & Wellness Office]]="Yes",Table[[#This Row],[Aware: Monthly Meetings]]="Yes",Table[[#This Row],[Attended in Past 3 Years]]="No"), "Aware Non-attendee", TRUE, "Check Data")} -> Aware Attendee | O34: NA | P34: Yes | Q34: Yes
A35: 34 | B35: Staff_004 | C35: Sales & Marketing | D35: Division 051 | E35: 6-10 | F35: =MATCH(Table[[#This Row],[Years of Service]], {"<1","1-5","6-10","11-20","21-30","31-40","40+"}, 0) -> 3 | G35: No | H35: Non-supervisor | I35: Yes | J35: Yes | K35: {=_xlfn.IFS(AND(Table[[#This Row],[Aware: Safety & Wellness Office]]="Yes",Table[[#This Row],[Aware: Monthly Meetings]]="Yes"), "Aware of office & meeting", AND(Table[[#This Row],[Aware: Safety & Wellness Office]]="Yes", Table[[#This Row],[Aware: Monthly Meetings]]="No"), "Aware of office", AND(Table[[#This Row],[Aware: Safety & Wellness Office]]="No", Table[[#This Row],[Aware: Monthly Meetings]]="Yes"), "Aware of meeting", AND(Table[[#This Row],[Aware: Safety & Wellness Office]]="No", Table[[#This Row],[Aware: Monthly Meetings]]="No"),"Unaware of office & meeting", TRUE, "Check Data")} -> Aware of office & meeting | L35: Yes | M35: {=_xlfn.IFS(AND(Table[[#This Row],[Aware: Safety & Wellness Office]]="Yes",Table[[#This Row],[Aware: Monthly Meetings]]="Yes",Table[[#This Row],[Attended in Past 3 Years]]="Yes"), "Aware Attendee", AND(Table[[#This Row],[Aware: Safety & Wellness Office]]="Yes",Table[[#This Row],[Aware: Monthly Meetings]]="No",Table[[#This Row],[Attended in Past 3 Years]]="Yes"), "Office Aware Attendee", AND(Table[[#This Row],[Aware: Safety & Wellness Office]]="No",Table[[#This Row],[Aware: Monthly Meetings]]="Yes",Table[[#This Row],[Attended in Past 3 Years]]="Yes"), "Meeting Aware Attendee", AND(Table[[#This Row],[Aware: Safety & Wellness Office]]="No",Table[[#This Row],[Aware: Monthly Meetings]]="No",Table[[#This Row],[Attended in Past 3 Years]]="Yes"), "Unaware Attendee", AND(Table[[#This Row],[Aware: Safety & Wellness Office]]="No",Table[[#This Row],[Aware: Monthly Meetings]]="No",Table[[#This Row],[Attended in Past 3 Years]]="No"), "Unaware Non-attendee", AND(Table[[#This Row],[Aware: Safety & Wellness Office]]="Yes",Table[[#This Row],[Aware: Monthly Meetings]]="No",Table[[#This Row],[Attended in Past 3 Years]]="No"), "Office Aware Non-attendee", AND(Table[[#This Row],[Aware: Safety & Wellness Office]]="No",Table[[#This Row],[Aware: Monthly Meetings]]="Yes",Table[[#This Row],[Attended in Past 3 Years]]="No"), "Meeting Aware Non-attendee", AND(Table[[#This Row],[Aware: Safety & Wellness Office]]="Yes",Table[[#This Row],[Aware: Monthly Meetings]]="Yes",Table[[#This Row],[Attended in Past 3 Years]]="No"), "Aware Non-attendee", TRUE, "Check Data")} -> Aware Attendee | O35: NA | P35: Yes | Q35: Yes
A36: 35 | B36: Staff_010 | C36: Sales & Marketing | D36: Division 076 | E36: 6-10 | F36: =MATCH(Table[[#This Row],[Years of Service]], {"<1","1-5","6-10","11-20","21-30","31-40","40+"}, 0) -> 3 | G36: No | H36: Non-supervisor | I36: No | J36: No | K36: {=_xlfn.IFS(AND(Table[[#This Row],[Aware: Safety & Wellness Office]]="Yes",Table[[#This Row],[Aware: Monthly Meetings]]="Yes"), "Aware of office & meeting", AND(Table[[#This Row],[Aware: Safety & Wellness Office]]="Yes", Table[[#This Row],[Aware: Monthly Meetings]]="No"), "Aware of office", AND(Table[[#This Row],[Aware: Safety & Wellness Office]]="No", Table[[#This Row],[Aware: Monthly Meetings]]="Yes"), "Aware of meeting", AND(Table[[#This Row],[Aware: Safety & Wellness Office]]="No", Table[[#This Row],[Aware: Monthly Meetings]]="No"),"Unaware of office & meeting", TRUE, "Check Data")} -> Unaware of office & meeting | L36: No | M36: {=_xlfn.IFS(AND(Table[[#This Row],[Aware: Safety & Wellness Office]]="Yes",Table[[#This Row],[Aware: Monthly Meetings]]="Yes",Table[[#This Row],[Attended in Past 3 Years]]="Yes"), "Aware Attendee", AND(Table[[#This Row],[Aware: Safety & Wellness Office]]="Yes",Table[[#This Row],[Aware: Monthly Meetings]]="No",Table[[#This Row],[Attended in Past 3 Years]]="Yes"), "Office Aware Attendee", AND(Table[[#This Row],[Aware: Safety & Wellness Office]]="No",Table[[#This Row],[Aware: Monthly Meetings]]="Yes",Table[[#This Row],[Attended in Past 3 Years]]="Yes"), "Meeting Aware Attendee", AND(Table[[#This Row],[Aware: Safety & Wellness Office]]="No",Table[[#This Row],[Aware: Monthly Meetings]]="No",Table[[#This Row],[Attended in Past 3 Years]]="Yes"), "Unaware Attendee", AND(Table[[#This Row],[Aware: Safety & Wellness Office]]="No",Table[[#This Row],[Aware: Monthly Meetings]]="No",Table[[#This Row],[Attended in Past 3 Years]]="No"), "Unaware Non-attendee", AND(Table[[#This Row],[Aware: Safety & Wellness Office]]="Yes",Table[[#This Row],[Aware: Monthly Meetings]]="No",Table[[#This Row],[Attended in Past 3 Years]]="No"), "Office Aware Non-attendee", AND(Table[[#This Row],[Aware: Safety & Wellness Office]]="No",Table[[#This Row],[Aware: Monthly Meetings]]="Yes",Table[[#This Row],[Attended in Past 3 Years]]="No"), "Meeting Aware Non-attendee", AND(Table[[#This Row],[Aware: Safety & Wellness Office]]="Yes",Table[[#This Row],[Aware: Monthly Meetings]]="Yes",Table[[#This Row],[Attended in Past 3 Years]]="No"), "Aware Non-attendee", TRUE, "Check Data")} -> Unaware Non-attendee | N36: Time conflict with shift | O36: Time conflict | P36: Yes | Q36: Yes
A37: 36 | B37: Staff_011 | C37: Repairs | D37: Division 025 | E37: 6-10 | F37: =MATCH(Table[[#This Row],[Years of Service]], {"<1","1-5","6-10","11-20","21-30","31-40","40+"}, 0) -> 3 | G37: No | H37: Non-supervisor | I37: Yes | J37: No | K37: {=_xlfn.IFS(AND(Table[[#This Row],[Aware: Safety & Wellness Office]]="Yes",Table[[#This Row],[Aware: Monthly Meetings]]="Yes"), "Aware of office & meeting", AND(Table[[#This Row],[Aware: Safety & Wellness Office]]="Yes", Table[[#This Row],[Aware: Monthly Meetings]]="No"), "Aware of office", AND(Table[[#This Row],[Aware: Safety & Wellness Office]]="No", Table[[#This Row],[Aware: Monthly Meetings]]="Yes"), "Aware of meeting", AND(Table[[#This Row],[Aware: Safety & Wellness Office]]="No", Table[[#This Row],[Aware: Monthly Meetings]]="No"),"Unaware of office & meeting", TRUE, "Check Data")} -> Aware of office | L37: No | M37: {=_xlfn.IFS(AND(Table[[#This Row],[Aware: Safety & Wellness Office]]="Yes",Table[[#This Row],[Aware: Monthly Meetings]]="Yes",Table[[#This Row],[Attended in Past 3 Years]]="Yes"), "Aware Attendee", AND(Table[[#This Row],[Aware: Safety & Wellness Office]]="Yes",Table[[#This Row],[Aware: Monthly Meetings]]="No",Table[[#This Row],[Attended in Past 3 Years]]="Yes"), "Office Aware Attendee", AND(Table[[#This Row],[Aware: Safety & Wellness Office]]="No",Table[[#This Row],[Aware: Monthly Meetings]]="Yes",Table[[#This Row],[Attended in Past 3 Years]]="Yes"), "Meeting Aware Attendee", AND(Table[[#This Row],[Aware: Safety & Wellness Office]]="No",Table[[#This Row],[Aware: Monthly Meetings]]="No",Table[[#This Row],[Attended in Past 3 Years]]="Yes"), "Unaware Attendee", AND(Table[[#This Row],[Aware: Safety & Wellness Office]]="No",Table[[#This Row],[Aware: Monthly Meetings]]="No",Table[[#This Row],[Attended in Past 3 Years]]="No"), "Unaware Non-attendee", AND(Table[[#This Row],[Aware: Safety & Wellness Office]]="Yes",Table[[#This Row],[Aware: Monthly Meetings]]="No",Table[[#This Row],[Attended in Past 3 Years]]="No"), "Office Aware Non-attendee", AND(Table[[#This Row],[Aware: Safety & Wellness Office]]="No",Table[[#This Row],[Aware: Monthly Meetings]]="Yes",Table[[#This Row],[Attended in Past 3 Years]]="No"), "Meeting Aware Non-attendee", AND(Table[[#This Row],[Aware: Safety & Wellness Office]]="Yes",Table[[#This Row],[Aware: Monthly Meetings]]="Yes",Table[[#This Row],[Attended in Past 3 Years]]="No"), "Aware Non-attendee", TRUE, "Check Data")} -> Office Aware Non-attendee | N37: Unaware of meeting schedule | O37: Unaware | P37: No | Q37: No
A38: 37 | B38: Staff_015 | C38: Repairs | D38: Division 049 | E38: 6-10 | F38: =MATCH(Table[[#This Row],[Years of Service]], {"<1","1-5","6-10","11-20","21-30","31-40","40+"}, 0) -> 3 | G38: No | H38: Non-supervisor | I38: No | J38: No | K38: {=_xlfn.IFS(AND(Table[[#This Row],[Aware: Safety & Wellness Office]]="Yes",Table[[#This Row],[Aware: Monthly Meetings]]="Yes"), "Aware of office & meeting", AND(Table[[#This Row],[Aware: Safety & Wellness Office]]="Yes", Table[[#This Row],[Aware: Monthly Meetings]]="No"), "Aware of office", AND(Table[[#This Row],[Aware: Safety & Wellness Office]]="No", Table[[#This Row],[Aware: Monthly Meetings]]="Yes"), "Aware of meeting", AND(Table[[#This Row],[Aware: Safety & Wellness Office]]="No", Table[[#This Row],[Aware: Monthly Meetings]]="No"),"Unaware of office & meeting", TRUE, "Check Data")} -> Unaware of office & meeting | L38: No | M38: {=_xlfn.IFS(AND(Table[[#This Row],[Aware: Safety & Wellness Office]]="Yes",Table[[#This Row],[Aware: Monthly Meetings]]="Yes",Table[[#This Row],[Attended in Past 3 Years]]="Yes"), "Aware Attendee", AND(Table[[#This Row],[Aware: Safety & Wellness Office]]="Yes",Table[[#This Row],[Aware: Monthly Meetings]]="No",Table[[#This Row],[Attended in Past 3 Years]]="Yes"), "Office Aware Attendee", AND(Table[[#This Row],[Aware: Safety & Wellness Office]]="No",Table[[#This Row],[Aware: Monthly Meetings]]="Yes",Table[[#This Row],[Attended in Past 3 Years]]="Yes"), "Meeting Aware Attendee", AND(Table[[#This Row],[Aware: Safety & Wellness Office]]="No",Table[[#This Row],[Aware: Monthly Meetings]]="No",Table[[#This Row],[Attended in Past 3 Years]]="Yes"), "Unaware Attendee", AND(Table[[#This Row],[Aware: Safety & Wellness Office]]="No",Table[[#This Row],[Aware: Monthly Meetings]]="No",Table[[#This Row],[Attended in Past 3 Years]]="No"), "Unaware Non-attendee", AND(Table[[#This Row],[Aware: Safety & Wellness Office]]="Yes",Table[[#This Row],[Aware: Monthly Meetings]]="No",Table[[#This Row],[Attended in Past 3 Years]]="No"), "Office Aware Non-attendee", AND(Table[[#This Row],[Aware: Safety & Wellness Office]]="No",Table[[#This Row],[Aware: Monthly Meetings]]="Yes",Table[[#This Row],[Attended in Past 3 Years]]="No"), "Meeting Aware Non-attendee", AND(Table[[#This Row],[Aware: Safety & Wellness Office]]="Yes",Table[[#This Row],[Aware: Monthly Meetings]]="Yes",Table[[#This Row],[Attended in Past 3 Years]]="No"), "Aware Non-attendee", TRUE, "Check Data")} -> Unaware Non-attendee | N38: Unaware of meeting schedule | O38: Unaware | P38: Yes | Q38: Yes
A39: 38 | B39: Staff_016 | C39: Administration | D39: Division 043 | E39: 6-10 | F39: =MATCH(Table[[#This Row],[Years of Service]], {"<1","1-5","6-10","11-20","21-30","31-40","40+"}, 0) -> 3 | G39: No | H39: Non-supervisor | I39: No | J39: No | K39: {=_xlfn.IFS(AND(Table[[#This Row],[Aware: Safety & Wellness Office]]="Yes",Table[[#This Row],[Aware: Monthly Meetings]]="Yes"), "Aware of office & meeting", AND(Table[[#This Row],[Aware: Safety & Wellness Office]]="Yes", Table[[#This Row],[Aware: Monthly Meetings]]="No"), "Aware of office", AND(Table[[#This Row],[Aware: Safety & Wellness Office]]="No", Table[[#This Row],[Aware: Monthly Meetings]]="Yes"), "Aware of meeting", AND(Table[[#This Row],[Aware: Safety & Wellness Office]]="No", Table[[#This Row],[Aware: Monthly Meetings]]="No"),"Unaware of office & meeting", TRUE, "Check Data")} -> Unaware of office & meeting | L39: No | M39: {=_xlfn.IFS(AND(Table[[#This Row],[Aware: Safety & Wellness Office]]="Yes",Table[[#This Row],[Aware: Monthly Meetings]]="Yes",Table[[#This Row],[Attended in Past 3 Years]]="Yes"), "Aware Attendee", AND(Table[[#This Row],[Aware: Safety & Wellness Office]]="Yes",Table[[#This Row],[Aware: Monthly Meetings]]="No",Table[[#This Row],[Attended in Past 3 Years]]="Yes"), "Office Aware Attendee", AND(Table[[#This Row],[Aware: Safety & Wellness Office]]="No",Table[[#This Row],[Aware: Monthly Meetings]]="Yes",Table[[#This Row],[Attended in Past 3 Years]]="Yes"), "Meeting Aware Attendee", AND(Table[[#This Row],[Aware: Safety & Wellness Office]]="No",Table[[#This Row],[Aware: Monthly Meetings]]="No",Table[[#This Row],[Attended in Past 3 Years]]="Yes"), "Unaware Attendee", AND(Table[[#This Row],[Aware: Safety & Wellness Office]]="No",Table[[#This Row],[Aware: Monthly Meetings]]="No",Table[[#This Row],[Attended in Past 3 Years]]="No"), "Unaware Non-attendee", AND(Table[[#This Row],[Aware: Safety & Wellness Office]]="Yes",Table[[#This Row],[Aware: Monthly Meetings]]="No",Table[[#This Row],[Attended in Past 3 Years]]="No"), "Office Aware Non-attendee", AND(Table[[#This Row],[Aware: Safety & Wellness Office]]="No",Table[[#This Row],[Aware: Monthly Meetings]]="Yes",Table[[#This Row],[Attended in Past 3 Years]]="No"), "Meeting Aware Non-attendee", AND(Table[[#This Row],[Aware: Safety & Wellness Office]]="Yes",Table[[#This Row],[Aware: Monthly Meetings]]="Yes",Table[[#This Row],[Attended in Past 3 Years]]="No"), "Aware Non-attendee", TRUE, "Check Data")} -> Unaware Non-attendee | N39: Unaware of meeting schedule | O39: Unaware | P39: No | Q39: Unsure
A40: 39 | B40: Staff_019 | C40: Administration | D40: Division 080 | E40: 6-10 | F40: =MATCH(Table[[#This Row],[Years of Service]], {"<1","1-5","6-10","11-20","21-30","31-40","40+"}, 0) -> 3 | G40: No | H40: Non-supervisor | I40: Yes | J40: Yes | K40: {=_xlfn.IFS(AND(Table[[#This Row],[Aware: Safety & Wellness Office]]="Yes",Table[[#This Row],[Aware: Monthly Meetings]]="Yes"), "Aware of office & meeting", AND(Table[[#This Row],[Aware: Safety & Wellness Office]]="Yes", Table[[#This Row],[Aware: Monthly Meetings]]="No"), "Aware of office", AND(Table[[#This Row],[Aware: Safety & Wellness Office]]="No", Table[[#This Row],[Aware: Monthly Meetings]]="Yes"), "Aware of meeting", AND(Table[[#This Row],[Aware: Safety & Wellness Office]]="No", Table[[#This Row],[Aware: Monthly Meetings]]="No"),"Unaware of office & meeting", TRUE, "Check Data")} -> Aware of office & meeting | L40: Yes | M40: {=_xlfn.IFS(AND(Table[[#This Row],[Aware: Safety & Wellness Office]]="Yes",Table[[#This Row],[Aware: Monthly Meetings]]="Yes",Table[[#This Row],[Attended in Past 3 Years]]="Yes"), "Aware Attendee", AND(Table[[#This Row],[Aware: Safety & Wellness Office]]="Yes",Table[[#This Row],[Aware: Monthly Meetings]]="No",Table[[#This Row],[Attended in Past 3 Years]]="Yes"), "Office Aware Attendee", AND(Table[[#This Row],[Aware: Safety & Wellness Office]]="No",Table[[#This Row],[Aware: Monthly Meetings]]="Yes",Table[[#This Row],[Attended in Past 3 Years]]="Yes"), "Meeting Aware Attendee", AND(Table[[#This Row],[Aware: Safety & Wellness Office]]="No",Table[[#This Row],[Aware: Monthly Meetings]]="No",Table[[#This Row],[Attended in Past 3 Years]]="Yes"), "Unaware Attendee", AND(Table[[#This Row],[Aware: Safety & Wellness Office]]="No",Table[[#This Row],[Aware: Monthly Meetings]]="No",Table[[#This Row],[Attended in Past 3 Years]]="No"), "Unaware Non-attendee", AND(Table[[#This Row],[Aware: Safety & Wellness Office]]="Yes",Table[[#This Row],[Aware: Monthly Meetings]]="No",Table[[#This Row],[Attended in Past 3 Years]]="No"), "Office Aware Non-attendee", AND(Table[[#This Row],[Aware: Safety & Wellness Office]]="No",Table[[#This Row],[Aware: Monthly Meetings]]="Yes",Table[[#This Row],[Attended in Past 3 Years]]="No"), "Meeting Aware Non-attendee", AND(Table[[#This Row],[Aware: Safety & Wellness Office]]="Yes",Table[[#This Row],[Aware: Monthly Meetings]]="Yes",Table[[#This Row],[Attended in Past 3 Years]]="No"), "Aware Non-attendee", TRUE, "Check Data")} -> Aware Attendee | O40: NA | P40: Yes | Q40: Yes
A41: 40 | B41: Staff_025 | C41: Sales & Marketing | D41: Division 026 | E41: 6-10 | F41: =MATCH(Table[[#This Row],[Years of Service]], {"<1","1-5","6-10","11-20","21-30","31-40","40+"}, 0) -> 3 | G41: No | H41: Non-supervisor | I41: Yes | J41: Yes | K41: {=_xlfn.IFS(AND(Table[[#This Row],[Aware: Safety & Wellness Office]]="Yes",Table[[#This Row],[Aware: Monthly Meetings]]="Yes"), "Aware of office & meeting", AND(Table[[#This Row],[Aware: Safety & Wellness Office]]="Yes", Table[[#This Row],[Aware: Monthly Meetings]]="No"), "Aware of office", AND(Table[[#This Row],[Aware: Safety & Wellness Office]]="No", Table[[#This Row],[Aware: Monthly Meetings]]="Yes"), "Aware of meeting", AND(Table[[#This Row],[Aware: Safety & Wellness Office]]="No", Table[[#This Row],[Aware: Monthly Meetings]]="No"),"Unaware of office & meeting", TRUE, "Check Data")} -> Aware of office & meeting | L41: No | M41: {=_xlfn.IFS(AND(Table[[#This Row],[Aware: Safety & Wellness Office]]="Yes",Table[[#This Row],[Aware: Monthly Meetings]]="Yes",Table[[#This Row],[Attended in Past 3 Years]]="Yes"), "Aware Attendee", AND(Table[[#This Row],[Aware: Safety & Wellness Office]]="Yes",Table[[#This Row],[Aware: Monthly Meetings]]="No",Table[[#This Row],[Attended in Past 3 Years]]="Yes"), "Office Aware Attendee", AND(Table[[#This Row],[Aware: Safety & Wellness Office]]="No",Table[[#This Row],[Aware: Monthly Meetings]]="Yes",Table[[#This Row],[Attended in Past 3 Years]]="Yes"), "Meeting Aware Attendee", AND(Table[[#This Row],[Aware: Safety & Wellness Office]]="No",Table[[#This Row],[Aware: Monthly Meetings]]="No",Table[[#This Row],[Attended in Past 3 Years]]="Yes"), "Unaware Attendee", AND(Table[[#This Row],[Aware: Safety & Wellness Office]]="No",Table[[#This Row],[Aware: Monthly Meetings]]="No",Table[[#This Row],[Attended in Past 3 Years]]="No"), "Unaware Non-attendee", AND(Table[[#This Row],[Aware: Safety & Wellness Office]]="Yes",Table[[#This Row],[Aware: Monthly Meetings]]="No",Table[[#This Row],[Attended in Past 3 Years]]="No"), "Office Aware Non-attendee", AND(Table[[#This Row],[Aware: Safety & Wellness Office]]="No",Table[[#This Row],[Aware: Monthly Meetings]]="Yes",Table[[#This Row],[Attended in Past 3 Years]]="No"), "Meeting Aware Non-attendee", AND(Table[[#This Row],[Aware: Safety & Wellness Office]]="Yes",Table[[#This Row],[Aware: Monthly Meetings]]="Yes",Table[[#This Row],[Attended in Past 3 Years]]="No"), "Aware Non-attendee", TRUE, "Check Data")} -> Aware Non-attendee | N41: Forgot due to no reminder | O41: NA | P41: Yes | Q41: Yes
A42: 41 | B42: Staff_029 | C42: Repairs | D42: Division 064 | E42: 6-10 | F42: =MATCH(Table[[#This Row],[Years of Service]], {"<1","1-5","6-10","11-20","21-30","31-40","40+"}, 0) -> 3 | G42: No | H42: Non-supervisor | I42: Yes | J42: Yes | K42: {=_xlfn.IFS(AND(Table[[#This Row],[Aware: Safety & Wellness Office]]="Yes",Table[[#This Row],[Aware: Monthly Meetings]]="Yes"), "Aware of office & meeting", AND(Table[[#This Row],[Aware: Safety & Wellness Office]]="Yes", Table[[#This Row],[Aware: Monthly Meetings]]="No"), "Aware of office", AND(Table[[#This Row],[Aware: Safety & Wellness Office]]="No", Table[[#This Row],[Aware: Monthly Meetings]]="Yes"), "Aware of meeting", AND(Table[[#This Row],[Aware: Safety & Wellness Office]]="No", Table[[#This Row],[Aware: Monthly Meetings]]="No"),"Unaware of office & meeting", TRUE, "Check Data")} -> Aware of office & meeting | L42: Yes | M42: {=_xlfn.IFS(AND(Table[[#This Row],[Aware: Safety & Wellness Office]]="Yes",Table[[#This Row],[Aware: Monthly Meetings]]="Yes",Table[[#This Row],[Attended in Past 3 Years]]="Yes"), "Aware Attendee", AND(Table[[#This Row],[Aware: Safety & Wellness Office]]="Yes",Table[[#This Row],[Aware: Monthly Meetings]]="No",Table[[#This Row],[Attended in Past 3 Years]]="Yes"), "Office Aware Attendee", AND(Table[[#This Row],[Aware: Safety & Wellness Office]]="No",Table[[#This Row],[Aware: Monthly Meetings]]="Yes",Table[[#This Row],[Attended in Past 3 Years]]="Yes"), "Meeting Aware Attendee", AND(Table[[#This Row],[Aware: Safety & Wellness Office]]="No",Table[[#This Row],[Aware: Monthly Meetings]]="No",Table[[#This Row],[Attended in Past 3 Years]]="Yes"), "Unaware Attendee", AND(Table[[#This Row],[Aware: Safety & Wellness Office]]="No",Table[[#This Row],[Aware: Monthly Meetings]]="No",Table[[#This Row],[Attended in Past 3 Years]]="No"), "Unaware Non-attendee", AND(Table[[#This Row],[Aware: Safety & Wellness Office]]="Yes",Table[[#This Row],[Aware: Monthly Meetings]]="No",Table[[#This Row],[Attended in Past 3 Years]]="No"), "Office Aware Non-attendee", AND(Table[[#This Row],[Aware: Safety & Wellness Office]]="No",Table[[#This Row],[Aware: Monthly Meetings]]="Yes",Table[[#This Row],[Attended in Past 3 Years]]="No"), "Meeting Aware Non-attendee", AND(Table[[#This Row],[Aware: Safety & Wellness Office]]="Yes",Table[[#This Row],[Aware: Monthly Meetings]]="Yes",Table[[#This Row],[Attended in Past 3 Years]]="No"), "Aware Non-attendee", TRUE, "Check Data")} -> Aware Attendee | O42: NA | P42: No | Q42: No
A43: 42 | B43: Staff_037 | C43: Administration | D43: Division 043 | E43: 6-10 | F43: =MATCH(Table[[#This Row],[Years of Service]], {"<1","1-5","6-10","11-20","21-30","31-40","40+"}, 0) -> 3 | G43: No | H43: Non-supervisor | I43: No | J43: No | K43: {=_xlfn.IFS(AND(Table[[#This Row],[Aware: Safety & Wellness Office]]="Yes",Table[[#This Row],[Aware: Monthly Meetings]]="Yes"), "Aware of office & meeting", AND(Table[[#This Row],[Aware: Safety & Wellness Office]]="Yes", Table[[#This Row],[Aware: Monthly Meetings]]="No"), "Aware of office", AND(Table[[#This Row],[Aware: Safety & Wellness Office]]="No", Table[[#This Row],[Aware: Monthly Meetings]]="Yes"), "Aware of meeting", AND(Table[[#This Row],[Aware: Safety & Wellness Office]]="No", Table[[#This Row],[Aware: Monthly Meetings]]="No"),"Unaware of office & meeting", TRUE, "Check Data")} -> Unaware of office & meeting | L43: No | M43: {=_xlfn.IFS(AND(Table[[#This Row],[Aware: Safety & Wellness Office]]="Yes",Table[[#This Row],[Aware: Monthly Meetings]]="Yes",Table[[#This Row],[Attended in Past 3 Years]]="Yes"), "Aware Attendee", AND(Table[[#This Row],[Aware: Safety & Wellness Office]]="Yes",Table[[#This Row],[Aware: Monthly Meetings]]="No",Table[[#This Row],[Attended in Past 3 Years]]="Yes"), "Office Aware Attendee", AND(Table[[#This Row],[Aware: Safety & Wellness Office]]="No",Table[[#This Row],[Aware: Monthly Meetings]]="Yes",Table[[#This Row],[Attended in Past 3 Years]]="Yes"), "Meeting Aware Attendee", AND(Table[[#This Row],[Aware: Safety & Wellness Office]]="No",Table[[#This Row],[Aware: Monthly Meetings]]="No",Table[[#This Row],[Attended in Past 3 Years]]="Yes"), "Unaware Attendee", AND(Table[[#This Row],[Aware: Safety & Wellness Office]]="No",Table[[#This Row],[Aware: Monthly Meetings]]="No",Table[[#This Row],[Attended in Past 3 Years]]="No"), "Unaware Non-attendee", AND(Table[[#This Row],[Aware: Safety & Wellness Office]]="Yes",Table[[#This Row],[Aware: Monthly Meetings]]="No",Table[[#This Row],[Attended in Past 3 Years]]="No"), "Office Aware Non-attendee", AND(Table[[#This Row],[Aware: Safety & Wellness Office]]="No",Table[[#This Row],[Aware: Monthly Meetings]]="Yes",Table[[#This Row],[Attended in Past 3 Years]]="No"), "Meeting Aware Non-attendee", AND(Table[[#This Row],[Aware: Safety & Wellness Office]]="Yes",Table[[#This Row],[Aware: Monthly Meetings]]="Yes",Table[[#This Row],[Attended in Past 3 Years]]="No"), "Aware Non-attendee", TRUE, "Check Data")} -> Unaware Non-attendee | N43: Time conflict with shift | O43: Time conflict | P43: No | Q43: Yes
A44: 43 | B44: Staff_039 | C44: Administration | D44: Division 072 | E44: 6-10 | F44: =MATCH(Table[[#This Row],[Years of Service]], {"<1","1-5","6-10","11-20","21-30","31-40","40+"}, 0) -> 3 | G44: No | H44: Non-supervisor | I44: Yes | J44: Yes | K44: {=_xlfn.IFS(AND(Table[[#This Row],[Aware: Safety & Wellness Office]]="Yes",Table[[#This Row],[Aware: Monthly Meetings]]="Yes"), "Aware of office & meeting", AND(Table[[#This Row],[Aware: Safety & Wellness Office]]="Yes", Table[[#This Row],[Aware: Monthly Meetings]]="No"), "Aware of office", AND(Table[[#This Row],[Aware: Safety & Wellness Office]]="No", Table[[#This Row],[Aware: Monthly Meetings]]="Yes"), "Aware of meeting", AND(Table[[#This Row],[Aware: Safety & Wellness Office]]="No", Table[[#This Row],[Aware: Monthly Meetings]]="No"),"Unaware of office & meeting", TRUE, "Check Data")} -> Aware of office & meeting | L44: Yes | M44: {=_xlfn.IFS(AND(Table[[#This Row],[Aware: Safety & Wellness Office]]="Yes",Table[[#This Row],[Aware: Monthly Meetings]]="Yes",Table[[#This Row],[Attended in Past 3 Years]]="Yes"), "Aware Attendee", AND(Table[[#This Row],[Aware: Safety & Wellness Office]]="Yes",Table[[#This Row],[Aware: Monthly Meetings]]="No",Table[[#This Row],[Attended in Past 3 Years]]="Yes"), "Office Aware Attendee", AND(Table[[#This Row],[Aware: Safety & Wellness Office]]="No",Table[[#This Row],[Aware: Monthly Meetings]]="Yes",Table[[#This Row],[Attended in Past 3 Years]]="Yes"), "Meeting Aware Attendee", AND(Table[[#This Row],[Aware: Safety & Wellness Office]]="No",Table[[#This Row],[Aware: Monthly Meetings]]="No",Table[[#This Row],[Attended in Past 3 Years]]="Yes"), "Unaware Attendee", AND(Table[[#This Row],[Aware: Safety & Wellness Office]]="No",Table[[#This Row],[Aware: Monthly Meetings]]="No",Table[[#This Row],[Attended in Past 3 Years]]="No"), "Unaware Non-attendee", AND(Table[[#This Row],[Aware: Safety & Wellness Office]]="Yes",Table[[#This Row],[Aware: Monthly Meetings]]="No",Table[[#This Row],[Attended in Past 3 Years]]="No"), "Office Aware Non-attendee", AND(Table[[#This Row],[Aware: Safety & Wellness Office]]="No",Table[[#This Row],[Aware: Monthly Meetings]]="Yes",Table[[#This Row],[Attended in Past 3 Years]]="No"), "Meeting Aware Non-attendee", AND(Table[[#This Row],[Aware: Safety & Wellness Office]]="Yes",Table[[#This Row],[Aware: Monthly Meetings]]="Yes",Table[[#This Row],[Attended in Past 3 Years]]="No"), "Aware Non-attendee", TRUE, "Check Data")} -> Aware Attendee | O44: NA | P44: Yes | Q44: Yes
A45: 44 | B45: Staff_047 | C45: Sales & Marketing | D45: Division 089 | E45: 6-10 | F45: =MATCH(Table[[#This Row],[Years of Service]], {"<1","1-5","6-10","11-20","21-30","31-40","40+"}, 0) -> 3 | G45: Yes | H45: Supervisor | I45: Yes | J45: No | K45: {=_xlfn.IFS(AND(Table[[#This Row],[Aware: Safety & Wellness Office]]="Yes",Table[[#This Row],[Aware: Monthly Meetings]]="Yes"), "Aware of office & meeting", AND(Table[[#This Row],[Aware: Safety & Wellness Office]]="Yes", Table[[#This Row],[Aware: Monthly Meetings]]="No"), "Aware of office", AND(Table[[#This Row],[Aware: Safety & Wellness Office]]="No", Table[[#This Row],[Aware: Monthly Meetings]]="Yes"), "Aware of meeting", AND(Table[[#This Row],[Aware: Safety & Wellness Office]]="No", Table[[#This Row],[Aware: Monthly Meetings]]="No"),"Unaware of office & meeting", TRUE, "Check Data")} -> Aware of office | L45: No | M45: {=_xlfn.IFS(AND(Table[[#This Row],[Aware: Safety & Wellness Office]]="Yes",Table[[#This Row],[Aware: Monthly Meetings]]="Yes",Table[[#This Row],[Attended in Past 3 Years]]="Yes"), "Aware Attendee", AND(Table[[#This Row],[Aware: Safety & Wellness Office]]="Yes",Table[[#This Row],[Aware: Monthly Meetings]]="No",Table[[#This Row],[Attended in Past 3 Years]]="Yes"), "Office Aware Attendee", AND(Table[[#This Row],[Aware: Safety & Wellness Office]]="No",Table[[#This Row],[Aware: Monthly Meetings]]="Yes",Table[[#This Row],[Attended in Past 3 Years]]="Yes"), "Meeting Aware Attendee", AND(Table[[#This Row],[Aware: Safety & Wellness Office]]="No",Table[[#This Row],[Aware: Monthly Meetings]]="No",Table[[#This Row],[Attended in Past 3 Years]]="Yes"), "Unaware Attendee", AND(Table[[#This Row],[Aware: Safety & Wellness Office]]="No",Table[[#This Row],[Aware: Monthly Meetings]]="No",Table[[#This Row],[Attended in Past 3 Years]]="No"), "Unaware Non-attendee", AND(Table[[#This Row],[Aware: Safety & Wellness Office]]="Yes",Table[[#This Row],[Aware: Monthly Meetings]]="No",Table[[#This Row],[Attended in Past 3 Years]]="No"), "Office Aware Non-attendee", AND(Table[[#This Row],[Aware: Safety & Wellness Office]]="No",Table[[#This Row],[Aware: Monthly Meetings]]="Yes",Table[[#This Row],[Attended in Past 3 Years]]="No"), "Meeting Aware Non-attendee", AND(Table[[#This Row],[Aware: Safety & Wellness Office]]="Yes",Table[[#This Row],[Aware: Monthly Meetings]]="Yes",Table[[#This Row],[Attended in Past 3 Years]]="No"), "Aware Non-attendee", TRUE, "Check Data")} -> Office Aware Non-attendee | N45: Unaware of meeting schedule | O45: Unaware | P45: No | Q45: No
A46: 45 | B46: Staff_049 | C46: Administration | D46: Division 080 | E46: 6-10 | F46: =MATCH(Table[[#This Row],[Years of Service]], {"<1","1-5","6-10","11-20","21-30","31-40","40+"}, 0) -> 3 | G46: No | H46: Non-supervisor | I46: No | J46: No | K46: {=_xlfn.IFS(AND(Table[[#This Row],[Aware: Safety & Wellness Office]]="Yes",Table[[#This Row],[Aware: Monthly Meetings]]="Yes"), "Aware of office & meeting", AND(Table[[#This Row],[Aware: Safety & Wellness Office]]="Yes", Table[[#This Row],[Aware: Monthly Meetings]]="No"), "Aware of office", AND(Table[[#This Row],[Aware: Safety & Wellness Office]]="No", Table[[#This Row],[Aware: Monthly Meetings]]="Yes"), "Aware of meeting", AND(Table[[#This Row],[Aware: Safety & Wellness Office]]="No", Table[[#This Row],[Aware: Monthly Meetings]]="No"),"Unaware of office & meeting", TRUE, "Check Data")} -> Unaware of office & meeting | L46: No | M46: {=_xlfn.IFS(AND(Table[[#This Row],[Aware: Safety & Wellness Office]]="Yes",Table[[#This Row],[Aware: Monthly Meetings]]="Yes",Table[[#This Row],[Attended in Past 3 Years]]="Yes"), "Aware Attendee", AND(Table[[#This Row],[Aware: Safety & Wellness Office]]="Yes",Table[[#This Row],[Aware: Monthly Meetings]]="No",Table[[#This Row],[Attended in Past 3 Years]]="Yes"), "Office Aware Attendee", AND(Table[[#This Row],[Aware: Safety & Wellness Office]]="No",Table[[#This Row],[Aware: Monthly Meetings]]="Yes",Table[[#This Row],[Attended in Past 3 Years]]="Yes"), "Meeting Aware Attendee", AND(Table[[#This Row],[Aware: Safety & Wellness Office]]="No",Table[[#This Row],[Aware: Monthly Meetings]]="No",Table[[#This Row],[Attended in Past 3 Years]]="Yes"), "Unaware Attendee", AND(Table[[#This Row],[Aware: Safety & Wellness Office]]="No",Table[[#This Row],[Aware: Monthly Meetings]]="No",Table[[#This Row],[Attended in Past 3 Years]]="No"), "Unaware Non-attendee", AND(Table[[#This Row],[Aware: Safety & Wellness Office]]="Yes",Table[[#This Row],[Aware: Monthly Meetings]]="No",Table[[#This Row],[Attended in Past 3 Years]]="No"), "Office Aware Non-attendee", AND(Table[[#This Row],[Aware: Safety & Wellness Office]]="No",Table[[#This Row],[Aware: Monthly Meetings]]="Yes",Table[[#This Row],[Attended in Past 3 Years]]="No"), "Meeting Aware Non-attendee", AND(Table[[#This Row],[Aware: Safety & Wellness Office]]="Yes",Table[[#This Row],[Aware: Monthly Meetings]]="Yes",Table[[#This Row],[Attended in Past 3 Years]]="No"), "Aware Non-attendee", TRUE, "Check Data")} -> Unaware Non-attendee | N46: Time conflict with shift | O46: Time conflict | P46: No | Q46: Unsure
A47: 46 | B47: Staff_050 | C47: Administration | D47: Division 069 | E47: 6-10 | F47: =MATCH(Table[[#This Row],[Years of Service]], {"<1","1-5","6-10","11-20","21-30","31-40","40+"}, 0) -> 3 | G47: Yes | H47: Supervisor | I47: Yes | J47: Yes | K47: {=_xlfn.IFS(AND(Table[[#This Row],[Aware: Safety & Wellness Office]]="Yes",Table[[#This Row],[Aware: Monthly Meetings]]="Yes"), "Aware of office & meeting", AND(Table[[#This Row],[Aware: Safety & Wellness Office]]="Yes", Table[[#This Row],[Aware: Monthly Meetings]]="No"), "Aware of office", AND(Table[[#This Row],[Aware: Safety & Wellness Office]]="No", Table[[#This Row],[Aware: Monthly Meetings]]="Yes"), "Aware of meeting", AND(Table[[#This Row],[Aware: Safety & Wellness Office]]="No", Table[[#This Row],[Aware: Monthly Meetings]]="No"),"Unaware of office & meeting", TRUE, "Check Data")} -> Aware of office & meeting | L47: Yes | M47: {=_xlfn.IFS(AND(Table[[#This Row],[Aware: Safety & Wellness Office]]="Yes",Table[[#This Row],[Aware: Monthly Meetings]]="Yes",Table[[#This Row],[Attended in Past 3 Years]]="Yes"), "Aware Attendee", AND(Table[[#This Row],[Aware: Safety & Wellness Office]]="Yes",Table[[#This Row],[Aware: Monthly Meetings]]="No",Table[[#This Row],[Attended in Past 3 Years]]="Yes"), "Office Aware Attendee", AND(Table[[#This Row],[Aware: Safety & Wellness Office]]="No",Table[[#This Row],[Aware: Monthly Meetings]]="Yes",Table[[#This Row],[Attended in Past 3 Years]]="Yes"), "Meeting Aware Attendee", AND(Table[[#This Row],[Aware: Safety & Wellness Office]]="No",Table[[#This Row],[Aware: Monthly Meetings]]="No",Table[[#This Row],[Attended in Past 3 Years]]="Yes"), "Unaware Attendee", AND(Table[[#This Row],[Aware: Safety & Wellness Office]]="No",Table[[#This Row],[Aware: Monthly Meetings]]="No",Table[[#This Row],[Attended in Past 3 Years]]="No"), "Unaware Non-attendee", AND(Table[[#This Row],[Aware: Safety & Wellness Office]]="Yes",Table[[#This Row],[Aware: Monthly Meetings]]="No",Table[[#This Row],[Attended in Past 3 Years]]="No"), "Office Aware Non-attendee", AND(Table[[#This Row],[Aware: Safety & Wellness Office]]="No",Table[[#This Row],[Aware: Monthly Meetings]]="Yes",Table[[#This Row],[Attended in Past 3 Years]]="No"), "Meeting Aware Non-attendee", AND(Table[[#This Row],[Aware: Safety & Wellness Office]]="Yes",Table[[#This Row],[Aware: Monthly Meetings]]="Yes",Table[[#This Row],[Attended in Past 3 Years]]="No"), "Aware Non-attendee", TRUE, "Check Data")} -> Aware Attendee | O47: NA | P47: Yes | Q47: Yes
A48: 47 | B48: Staff_052 | C48: Repairs | D48: Division 018 | E48: 6-10 | F48: =MATCH(Table[[#This Row],[Years of Service]], {"<1","1-5","6-10","11-20","21-30","31-40","40+"}, 0) -> 3 | G48: No | H48: Non-supervisor | I48: Yes | J48: Yes | K48: {=_xlfn.IFS(AND(Table[[#This Row],[Aware: Safety & Wellness Office]]="Yes",Table[[#This Row],[Aware: Monthly Meetings]]="Yes"), "Aware of office & meeting", AND(Table[[#This Row],[Aware: Safety & Wellness Office]]="Yes", Table[[#This Row],[Aware: Monthly Meetings]]="No"), "Aware of office", AND(Table[[#This Row],[Aware: Safety & Wellness Office]]="No", Table[[#This Row],[Aware: Monthly Meetings]]="Yes"), "Aware of meeting", AND(Table[[#This Row],[Aware: Safety & Wellness Office]]="No", Table[[#This Row],[Aware: Monthly Meetings]]="No"),"Unaware of office & meeting", TRUE, "Check Data")} -> Aware of office & meeting | L48: Yes | M48: {=_xlfn.IFS(AND(Table[[#This Row],[Aware: Safety & Wellness Office]]="Yes",Table[[#This Row],[Aware: Monthly Meetings]]="Yes",Table[[#This Row],[Attended in Past 3 Years]]="Yes"), "Aware Attendee", AND(Table[[#This Row],[Aware: Safety & Wellness Office]]="Yes",Table[[#This Row],[Aware: Monthly Meetings]]="No",Table[[#This Row],[Attended in Past 3 Years]]="Yes"), "Office Aware Attendee", AND(Table[[#This Row],[Aware: Safety & Wellness Office]]="No",Table[[#This Row],[Aware: Monthly Meetings]]="Yes",Table[[#This Row],[Attended in Past 3 Years]]="Yes"), "Meeting Aware Attendee", AND(Table[[#This Row],[Aware: Safety & Wellness Office]]="No",Table[[#This Row],[Aware: Monthly Meetings]]="No",Table[[#This Row],[Attended in Past 3 Years]]="Yes"), "Unaware Attendee", AND(Table[[#This Row],[Aware: Safety & Wellness Office]]="No",Table[[#This Row],[Aware: Monthly Meetings]]="No",Table[[#This Row],[Attended in Past 3 Years]]="No"), "Unaware Non-attendee", AND(Table[[#This Row],[Aware: Safety & Wellness Office]]="Yes",Table[[#This Row],[Aware: Monthly Meetings]]="No",Table[[#This Row],[Attended in Past 3 Years]]="No"), "Office Aware Non-attendee", AND(Table[[#This Row],[Aware: Safety & Wellness Office]]="No",Table[[#This Row],[Aware: Monthly Meetings]]="Yes",Table[[#This Row],[Attended in Past 3 Years]]="No"), "Meeting Aware Non-attendee", AND(Table[[#This Row],[Aware: Safety & Wellness Office]]="Yes",Table[[#This Row],[Aware: Monthly Meetings]]="Yes",Table[[#This Row],[Attended in Past 3 Years]]="No"), "Aware Non-attendee", TRUE, "Check Data")} -> Aware Attendee | O48: NA | P48: Yes | Q48: Yes
A49: 48 | B49: Staff_053 | C49: Sales & Marketing | D49: Division 056 | E49: 6-10 | F49: =MATCH(Table[[#This Row],[Years of Service]], {"<1","1-5","6-10","11-20","21-30","31-40","40+"}, 0) -> 3 | G49: Yes | H49: Supervisor | I49: Yes | J49: Yes | K49: {=_xlfn.IFS(AND(Table[[#This Row],[Aware: Safety & Wellness Office]]="Yes",Table[[#This Row],[Aware: Monthly Meetings]]="Yes"), "Aware of office & meeting", AND(Table[[#This Row],[Aware: Safety & Wellness Office]]="Yes", Table[[#This Row],[Aware: Monthly Meetings]]="No"), "Aware of office", AND(Table[[#This Row],[Aware: Safety & Wellness Office]]="No", Table[[#This Row],[Aware: Monthly Meetings]]="Yes"), "Aware of meeting", AND(Table[[#This Row],[Aware: Safety & Wellness Office]]="No", Table[[#This Row],[Aware: Monthly Meetings]]="No"),"Unaware of office & meeting", TRUE, "Check Data")} -> Aware of office & meeting | L49: No | M49: {=_xlfn.IFS(AND(Table[[#This Row],[Aware: Safety & Wellness Office]]="Yes",Table[[#This Row],[Aware: Monthly Meetings]]="Yes",Table[[#This Row],[Attended in Past 3 Years]]="Yes"), "Aware Attendee", AND(Table[[#This Row],[Aware: Safety & Wellness Office]]="Yes",Table[[#This Row],[Aware: Monthly Meetings]]="No",Table[[#This Row],[Attended in Past 3 Years]]="Yes"), "Office Aware Attendee", AND(Table[[#This Row],[Aware: Safety & Wellness Office]]="No",Table[[#This Row],[Aware: Monthly Meetings]]="Yes",Table[[#This Row],[Attended in Past 3 Years]]="Yes"), "Meeting Aware Attendee", AND(Table[[#This Row],[Aware: Safety & Wellness Office]]="No",Table[[#This Row],[Aware: Monthly Meetings]]="No",Table[[#This Row],[Attended in Past 3 Years]]="Yes"), "Unaware Attendee", AND(Table[[#This Row],[Aware: Safety & Wellness Office]]="No",Table[[#This Row],[Aware: Monthly Meetings]]="No",Table[[#This Row],[Attended in Past 3 Years]]="No"), "Unaware Non-attendee", AND(Table[[#This Row],[Aware: Safety & Wellness Office]]="Yes",Table[[#This Row],[Aware: Monthly Meetings]]="No",Table[[#This Row],[Attended in Past 3 Years]]="No"), "Office Aware Non-attendee", AND(Table[[#This Row],[Aware: Safety & Wellness Office]]="No",Table[[#This Row],[Aware: Monthly Meetings]]="Yes",Table[[#This Row],[Attended in Past 3 Years]]="No"), "Meeting Aware Non-attendee", AND(Table[[#This Row],[Aware: Safety & Wellness Office]]="Yes",Table[[#This Row],[Aware: Monthly Meetings]]="Yes",Table[[#This Row],[Attended in Past 3 Years]]="No"), "Aware Non-attendee", TRUE, "Check Data")} -> Aware Non-attendee | N49: Forgot due to no reminder | O49: Time conflict | P49: Yes | Q49: Unsure
A50: 49 | B50: Staff_057 | C50: Administration | D50: Division 038 | E50: 6-10 | F50: =MATCH(Table[[#This Row],[Years of Service]], {"<1","1-5","6-10","11-20","21-30","31-40","40+"}, 0) -> 3 | G50: No | H50: Non-supervisor | I50: No | J50: No | K50: {=_xlfn.IFS(AND(Table[[#This Row],[Aware: Safety & Wellness Office]]="Yes",Table[[#This Row],[Aware: Monthly Meetings]]="Yes"), "Aware of office & meeting", AND(Table[[#This Row],[Aware: Safety & Wellness Office]]="Yes", Table[[#This Row],[Aware: Monthly Meetings]]="No"), "Aware of office", AND(Table[[#This Row],[Aware: Safety & Wellness Office]]="No", Table[[#This Row],[Aware: Monthly Meetings]]="Yes"), "Aware of meeting", AND(Table[[#This Row],[Aware: Safety & Wellness Office]]="No", Table[[#This Row],[Aware: Monthly Meetings]]="No"),"Unaware of office & meeting", TRUE, "Check Data")} -> Unaware of office & meeting | L50: No | M50: {=_xlfn.IFS(AND(Table[[#This Row],[Aware: Safety & Wellness Office]]="Yes",Table[[#This Row],[Aware: Monthly Meetings]]="Yes",Table[[#This Row],[Attended in Past 3 Years]]="Yes"), "Aware Attendee", AND(Table[[#This Row],[Aware: Safety & Wellness Office]]="Yes",Table[[#This Row],[Aware: Monthly Meetings]]="No",Table[[#This Row],[Attended in Past 3 Years]]="Yes"), "Office Aware Attendee", AND(Table[[#This Row],[Aware: Safety & Wellness Office]]="No",Table[[#This Row],[Aware: Monthly Meetings]]="Yes",Table[[#This Row],[Attended in Past 3 Years]]="Yes"), "Meeting Aware Attendee", AND(Table[[#This Row],[Aware: Safety & Wellness Office]]="No",Table[[#This Row],[Aware: Monthly Meetings]]="No",Table[[#This Row],[Attended in Past 3 Years]]="Yes"), "Unaware Attendee", AND(Table[[#This Row],[Aware: Safety & Wellness Office]]="No",Table[[#This Row],[Aware: Monthly Meetings]]="No",Table[[#This Row],[Attended in Past 3 Years]]="No"), "Unaware Non-attendee", AND(Table[[#This Row],[Aware: Safety & Wellness Office]]="Yes",Table[[#This Row],[Aware: Monthly Meetings]]="No",Table[[#This Row],[Attended in Past 3 Years]]="No"), "Office Aware Non-attendee", AND(Table[[#This Row],[Aware: Safety & Wellness Office]]="No",Table[[#This Row],[Aware: Monthly Meetings]]="Yes",Table[[#This Row],[Attended in Past 3 Years]]="No"), "Meeting Aware Non-attendee", AND(Table[[#This Row],[Aware: Safety & Wellness Office]]="Yes",Table[[#This Row],[Aware: Monthly Meetings]]="Yes",Table[[#This Row],[Attended in Past 3 Years]]="No"), "Aware Non-attendee", TRUE, "Check Data")} -> Unaware Non-attendee | N50: Unaware of meeting schedule | O50: Unaware | P50: Yes | Q50: No
A51: 50 | B51: Staff_059 | C51: Repairs | D51: Division 021 | E51: 6-10 | F51: =MATCH(Table[[#This Row],[Years of Service]], {"<1","1-5","6-10","11-20","21-30","31-40","40+"}, 0) -> 3 | G51: No | H51: Non-supervisor | I51: Yes | J51: Yes | K51: {=_xlfn.IFS(AND(Table[[#This Row],[Aware: Safety & Wellness Office]]="Yes",Table[[#This Row],[Aware: Monthly Meetings]]="Yes"), "Aware of office & meeting", AND(Table[[#This Row],[Aware: Safety & Wellness Office]]="Yes", Table[[#This Row],[Aware: Monthly Meetings]]="No"), "Aware of office", AND(Table[[#This Row],[Aware: Safety & Wellness Office]]="No", Table[[#This Row],[Aware: Monthly Meetings]]="Yes"), "Aware of meeting", AND(Table[[#This Row],[Aware: Safety & Wellness Office]]="No", Table[[#This Row],[Aware: Monthly Meetings]]="No"),"Unaware of office & meeting", TRUE, "Check Data")} -> Aware of office & meeting | L51: Yes | M51: {=_xlfn.IFS(AND(Table[[#This Row],[Aware: Safety & Wellness Office]]="Yes",Table[[#This Row],[Aware: Monthly Meetings]]="Yes",Table[[#This Row],[Attended in Past 3 Years]]="Yes"), "Aware Attendee", AND(Table[[#This Row],[Aware: Safety & Wellness Office]]="Yes",Table[[#This Row],[Aware: Monthly Meetings]]="No",Table[[#This Row],[Attended in Past 3 Years]]="Yes"), "Office Aware Attendee", AND(Table[[#This Row],[Aware: Safety & Wellness Office]]="No",Table[[#This Row],[Aware: Monthly Meetings]]="Yes",Table[[#This Row],[Attended in Past 3 Years]]="Yes"), "Meeting Aware Attendee", AND(Table[[#This Row],[Aware: Safety & Wellness Office]]="No",Table[[#This Row],[Aware: Monthly Meetings]]="No",Table[[#This Row],[Attended in Past 3 Years]]="Yes"), "Unaware Attendee", AND(Table[[#This Row],[Aware: Safety & Wellness Office]]="No",Table[[#This Row],[Aware: Monthly Meetings]]="No",Table[[#This Row],[Attended in Past 3 Years]]="No"), "Unaware Non-attendee", AND(Table[[#This Row],[Aware: Safety & Wellness Office]]="Yes",Table[[#This Row],[Aware: Monthly Meetings]]="No",Table[[#This Row],[Attended in Past 3 Years]]="No"), "Office Aware Non-attendee", AND(Table[[#This Row],[Aware: Safety & Wellness Office]]="No",Table[[#This Row],[Aware: Monthly Meetings]]="Yes",Table[[#This Row],[Attended in Past 3 Years]]="No"), "Meeting Aware Non-attendee", AND(Table[[#This Row],[Aware: Safety & Wellness Office]]="Yes",Table[[#This Row],[Aware: Monthly Meetings]]="Yes",Table[[#This Row],[Attended in Past 3 Years]]="No"), "Aware Non-attendee", TRUE, "Check Data")} -> Aware Attendee | O51: NA | P51: Yes | Q51: Unsure
A52: 51 | B52: Staff_069 | C52: Administration | D52: Division 043 | E52: 6-10 | F52: =MATCH(Table[[#This Row],[Years of Service]], {"<1","1-5","6-10","11-20","21-30","31-40","40+"}, 0) -> 3 | G52: No | H52: Non-supervisor | I52: No | J52: No | K52: {=_xlfn.IFS(AND(Table[[#This Row],[Aware: Safety & Wellness Office]]="Yes",Table[[#This Row],[Aware: Monthly Meetings]]="Yes"), "Aware of office & meeting", AND(Table[[#This Row],[Aware: Safety & Wellness Office]]="Yes", Table[[#This Row],[Aware: Monthly Meetings]]="No"), "Aware of office", AND(Table[[#This Row],[Aware: Safety & Wellness Office]]="No", Table[[#This Row],[Aware: Monthly Meetings]]="Yes"), "Aware of meeting", AND(Table[[#This Row],[Aware: Safety & Wellness Office]]="No", Table[[#This Row],[Aware: Monthly Meetings]]="No"),"Unaware of office & meeting", TRUE, "Check Data")} -> Unaware of office & meeting | L52: No | M52: {=_xlfn.IFS(AND(Table[[#This Row],[Aware: Safety & Wellness Office]]="Yes",Table[[#This Row],[Aware: Monthly Meetings]]="Yes",Table[[#This Row],[Attended in Past 3 Years]]="Yes"), "Aware Attendee", AND(Table[[#This Row],[Aware: Safety & Wellness Office]]="Yes",Table[[#This Row],[Aware: Monthly Meetings]]="No",Table[[#This Row],[Attended in Past 3 Years]]="Yes"), "Office Aware Attendee", AND(Table[[#This Row],[Aware: Safety & Wellness Office]]="No",Table[[#This Row],[Aware: Monthly Meetings]]="Yes",Table[[#This Row],[Attended in Past 3 Years]]="Yes"), "Meeting Aware Attendee", AND(Table[[#This Row],[Aware: Safety & Wellness Office]]="No",Table[[#This Row],[Aware: Monthly Meetings]]="No",Table[[#This Row],[Attended in Past 3 Years]]="Yes"), "Unaware Attendee", AND(Table[[#This Row],[Aware: Safety & Wellness Office]]="No",Table[[#This Row],[Aware: Monthly Meetings]]="No",Table[[#This Row],[Attended in Past 3 Years]]="No"), "Unaware Non-attendee", AND(Table[[#This Row],[Aware: Safety & Wellness Office]]="Yes",Table[[#This Row],[Aware: Monthly Meetings]]="No",Table[[#This Row],[Attended in Past 3 Years]]="No"), "Office Aware Non-attendee", AND(Table[[#This Row],[Aware: Safety & Wellness Office]]="No",Table[[#This Row],[Aware: Monthly Meetings]]="Yes",Table[[#This Row],[Attended in Past 3 Years]]="No"), "Meeting Aware Non-attendee", AND(Table[[#This Row],[Aware: Safety & Wellness Office]]="Yes",Table[[#This Row],[Aware: Monthly Meetings]]="Yes",Table[[#This Row],[Attended in Past 3 Years]]="No"), "Aware Non-attendee", TRUE, "Check Data")} -> Unaware Non-attendee | N52: Unaware of meeting schedule | O52: Unaware | P52: Yes | Q52: Yes
A53: 52 | B53: Staff_071 | C53: Administration | D53: Division 043 | E53: 6-10 | F53: =MATCH(Table[[#This Row],[Years of Service]], {"<1","1-5","6-10","11-20","21-30","31-40","40+"}, 0) -> 3 | G53: No | H53: Non-supervisor | I53: Yes | J53: Yes | K53: {=_xlfn.IFS(AND(Table[[#This Row],[Aware: Safety & Wellness Office]]="Yes",Table[[#This Row],[Aware: Monthly Meetings]]="Yes"), "Aware of office & meeting", AND(Table[[#This Row],[Aware: Safety & Wellness Office]]="Yes", Table[[#This Row],[Aware: Monthly Meetings]]="No"), "Aware of office", AND(Table[[#This Row],[Aware: Safety & Wellness Office]]="No", Table[[#This Row],[Aware: Monthly Meetings]]="Yes"), "Aware of meeting", AND(Table[[#This Row],[Aware: Safety & Wellness Office]]="No", Table[[#This Row],[Aware: Monthly Meetings]]="No"),"Unaware of office & meeting", TRUE, "Check Data")} -> Aware of office & meeting | L53: No | M53: {=_xlfn.IFS(AND(Table[[#This Row],[Aware: Safety & Wellness Office]]="Yes",Table[[#This Row],[Aware: Monthly Meetings]]="Yes",Table[[#This Row],[Attended in Past 3 Years]]="Yes"), "Aware Attendee", AND(Table[[#This Row],[Aware: Safety & Wellness Office]]="Yes",Table[[#This Row],[Aware: Monthly Meetings]]="No",Table[[#This Row],[Attended in Past 3 Years]]="Yes"), "Office Aware Attendee", AND(Table[[#This Row],[Aware: Safety & Wellness Office]]="No",Table[[#This Row],[Aware: Monthly Meetings]]="Yes",Table[[#This Row],[Attended in Past 3 Years]]="Yes"), "Meeting Aware Attendee", AND(Table[[#This Row],[Aware: Safety & Wellness Office]]="No",Table[[#This Row],[Aware: Monthly Meetings]]="No",Table[[#This Row],[Attended in Past 3 Years]]="Yes"), "Unaware Attendee", AND(Table[[#This Row],[Aware: Safety & Wellness Office]]="No",Table[[#This Row],[Aware: Monthly Meetings]]="No",Table[[#This Row],[Attended in Past 3 Years]]="No"), "Unaware Non-attendee", AND(Table[[#This Row],[Aware: Safety & Wellness Office]]="Yes",Table[[#This Row],[Aware: Monthly Meetings]]="No",Table[[#This Row],[Attended in Past 3 Years]]="No"), "Office Aware Non-attendee", AND(Table[[#This Row],[Aware: Safety & Wellness Office]]="No",Table[[#This Row],[Aware: Monthly Meetings]]="Yes",Table[[#This Row],[Attended in Past 3 Years]]="No"), "Meeting Aware Non-attendee", AND(Table[[#This Row],[Aware: Safety & Wellness Office]]="Yes",Table[[#This Row],[Aware: Monthly Meetings]]="Yes",Table[[#This Row],[Attended in Past 3 Years]]="No"), "Aware Non-attendee", TRUE, "Check Data")} -> Aware Non-attendee | N53: Prefer online/recording | O53: Unaware | P53: No | Q53: No
A54: 53 | B54: Staff_072 | C54: Administration | D54: Division 041 | E54: 6-10 | F54: =MATCH(Table[[#This Row],[Years of Service]], {"<1","1-5","6-10","11-20","21-30","31-40","40+"}, 0) -> 3 | G54: Yes | H54: Supervisor | I54: No | J54: No | K54: {=_xlfn.IFS(AND(Table[[#This Row],[Aware: Safety & Wellness Office]]="Yes",Table[[#This Row],[Aware: Monthly Meetings]]="Yes"), "Aware of office & meeting", AND(Table[[#This Row],[Aware: Safety & Wellness Office]]="Yes", Table[[#This Row],[Aware: Monthly Meetings]]="No"), "Aware of office", AND(Table[[#This Row],[Aware: Safety & Wellness Office]]="No", Table[[#This Row],[Aware: Monthly Meetings]]="Yes"), "Aware of meeting", AND(Table[[#This Row],[Aware: Safety & Wellness Office]]="No", Table[[#This Row],[Aware: Monthly Meetings]]="No"),"Unaware of office & meeting", TRUE, "Check Data")} -> Unaware of office & meeting | L54: No | M54: {=_xlfn.IFS(AND(Table[[#This Row],[Aware: Safety & Wellness Office]]="Yes",Table[[#This Row],[Aware: Monthly Meetings]]="Yes",Table[[#This Row],[Attended in Past 3 Years]]="Yes"), "Aware Attendee", AND(Table[[#This Row],[Aware: Safety & Wellness Office]]="Yes",Table[[#This Row],[Aware: Monthly Meetings]]="No",Table[[#This Row],[Attended in Past 3 Years]]="Yes"), "Office Aware Attendee", AND(Table[[#This Row],[Aware: Safety & Wellness Office]]="No",Table[[#This Row],[Aware: Monthly Meetings]]="Yes",Table[[#This Row],[Attended in Past 3 Years]]="Yes"), "Meeting Aware Attendee", AND(Table[[#This Row],[Aware: Safety & Wellness Office]]="No",Table[[#This Row],[Aware: Monthly Meetings]]="No",Table[[#This Row],[Attended in Past 3 Years]]="Yes"), "Unaware Attendee", AND(Table[[#This Row],[Aware: Safety & Wellness Office]]="No",Table[[#This Row],[Aware: Monthly Meetings]]="No",Table[[#This Row],[Attended in Past 3 Years]]="No"), "Unaware Non-attendee", AND(Table[[#This Row],[Aware: Safety & Wellness Office]]="Yes",Table[[#This Row],[Aware: Monthly Meetings]]="No",Table[[#This Row],[Attended in Past 3 Years]]="No"), "Office Aware Non-attendee", AND(Table[[#This Row],[Aware: Safety & Wellness Office]]="No",Table[[#This Row],[Aware: Monthly Meetings]]="Yes",Table[[#This Row],[Attended in Past 3 Years]]="No"), "Meeting Aware Non-attendee", AND(Table[[#This Row],[Aware: Safety & Wellness Office]]="Yes",Table[[#This Row],[Aware: Monthly Meetings]]="Yes",Table[[#This Row],[Attended in Past 3 Years]]="No"), "Aware Non-attendee", TRUE, "Check Data")} -> Unaware Non-attendee | N54: Unaware of meeting schedule | O54: Unaware | P54: Yes | Q54: Yes
A55: 54 | B55: Staff_074 | C55: Repairs | D55: Division 082 | E55: 6-10 | F55: =MATCH(Table[[#This Row],[Years of Service]], {"<1","1-5","6-10","11-20","21-30","31-40","40+"}, 0) -> 3 | G55: Yes | H55: Supervisor | I55: No | J55: No | K55: {=_xlfn.IFS(AND(Table[[#This Row],[Aware: Safety & Wellness Office]]="Yes",Table[[#This Row],[Aware: Monthly Meetings]]="Yes"), "Aware of office & meeting", AND(Table[[#This Row],[Aware: Safety & Wellness Office]]="Yes", Table[[#This Row],[Aware: Monthly Meetings]]="No"), "Aware of office", AND(Table[[#This Row],[Aware: Safety & Wellness Office]]="No", Table[[#This Row],[Aware: Monthly Meetings]]="Yes"), "Aware of meeting", AND(Table[[#This Row],[Aware: Safety & Wellness Office]]="No", Table[[#This Row],[Aware: Monthly Meetings]]="No"),"Unaware of office & meeting", TRUE, "Check Data")} -> Unaware of office & meeting | L55: No | M55: {=_xlfn.IFS(AND(Table[[#This Row],[Aware: Safety & Wellness Office]]="Yes",Table[[#This Row],[Aware: Monthly Meetings]]="Yes",Table[[#This Row],[Attended in Past 3 Years]]="Yes"), "Aware Attendee", AND(Table[[#This Row],[Aware: Safety & Wellness Office]]="Yes",Table[[#This Row],[Aware: Monthly Meetings]]="No",Table[[#This Row],[Attended in Past 3 Years]]="Yes"), "Office Aware Attendee", AND(Table[[#This Row],[Aware: Safety & Wellness Office]]="No",Table[[#This Row],[Aware: Monthly Meetings]]="Yes",Table[[#This Row],[Attended in Past 3 Years]]="Yes"), "Meeting Aware Attendee", AND(Table[[#This Row],[Aware: Safety & Wellness Office]]="No",Table[[#This Row],[Aware: Monthly Meetings]]="No",Table[[#This Row],[Attended in Past 3 Years]]="Yes"), "Unaware Attendee", AND(Table[[#This Row],[Aware: Safety & Wellness Office]]="No",Table[[#This Row],[Aware: Monthly Meetings]]="No",Table[[#This Row],[Attended in Past 3 Years]]="No"), "Unaware Non-attendee", AND(Table[[#This Row],[Aware: Safety & Wellness Office]]="Yes",Table[[#This Row],[Aware: Monthly Meetings]]="No",Table[[#This Row],[Attended in Past 3 Years]]="No"), "Office Aware Non-attendee", AND(Table[[#This Row],[Aware: Safety & Wellness Office]]="No",Table[[#This Row],[Aware: Monthly Meetings]]="Yes",Table[[#This Row],[Attended in Past 3 Years]]="No"), "Meeting Aware Non-attendee", AND(Table[[#This Row],[Aware: Safety & Wellness Office]]="Yes",Table[[#This Row],[Aware: Monthly Meetings]]="Yes",Table[[#This Row],[Attended in Past 3 Years]]="No"), "Aware Non-attendee", TRUE, "Check Data")} -> Unaware Non-attendee | N55: Unaware of meeting schedule | O55: Unaware | P55: Yes | Q55: Yes
A56: 55 | B56: Staff_084 | C56: Sales & Marketing | D56: Division 095 | E56: 6-10 | F56: =MATCH(Table[[#This Row],[Years of Service]], {"<1","1-5","6-10","11-20","21-30","31-40","40+"}, 0) -> 3 | G56: Yes | H56: Supervisor | I56: Yes | J56: Yes | K56: {=_xlfn.IFS(AND(Table[[#This Row],[Aware: Safety & Wellness Office]]="Yes",Table[[#This Row],[Aware: Monthly Meetings]]="Yes"), "Aware of office & meeting", AND(Table[[#This Row],[Aware: Safety & Wellness Office]]="Yes", Table[[#This Row],[Aware: Monthly Meetings]]="No"), "Aware of office", AND(Table[[#This Row],[Aware: Safety & Wellness Office]]="No", Table[[#This Row],[Aware: Monthly Meetings]]="Yes"), "Aware of meeting", AND(Table[[#This Row],[Aware: Safety & Wellness Office]]="No", Table[[#This Row],[Aware: Monthly Meetings]]="No"),"Unaware of office & meeting", TRUE, "Check Data")} -> Aware of office & meeting | L56: Yes | M56: {=_xlfn.IFS(AND(Table[[#This Row],[Aware: Safety & Wellness Office]]="Yes",Table[[#This Row],[Aware: Monthly Meetings]]="Yes",Table[[#This Row],[Attended in Past 3 Years]]="Yes"), "Aware Attendee", AND(Table[[#This Row],[Aware: Safety & Wellness Office]]="Yes",Table[[#This Row],[Aware: Monthly Meetings]]="No",Table[[#This Row],[Attended in Past 3 Years]]="Yes"), "Office Aware Attendee", AND(Table[[#This Row],[Aware: Safety & Wellness Office]]="No",Table[[#This Row],[Aware: Monthly Meetings]]="Yes",Table[[#This Row],[Attended in Past 3 Years]]="Yes"), "Meeting Aware Attendee", AND(Table[[#This Row],[Aware: Safety & Wellness Office]]="No",Table[[#This Row],[Aware: Monthly Meetings]]="No",Table[[#This Row],[Attended in Past 3 Years]]="Yes"), "Unaware Attendee", AND(Table[[#This Row],[Aware: Safety & Wellness Office]]="No",Table[[#This Row],[Aware: Monthly Meetings]]="No",Table[[#This Row],[Attended in Past 3 Years]]="No"), "Unaware Non-attendee", AND(Table[[#This Row],[Aware: Safety & Wellness Office]]="Yes",Table[[#This Row],[Aware: Monthly Meetings]]="No",Table[[#This Row],[Attended in Past 3 Years]]="No"), "Office Aware Non-attendee", AND(Table[[#This Row],[Aware: Safety & Wellness Office]]="No",Table[[#This Row],[Aware: Monthly Meetings]]="Yes",Table[[#This Row],[Attended in Past 3 Years]]="No"), "Meeting Aware Non-attendee", AND(Table[[#This Row],[Aware: Safety & Wellness Office]]="Yes",Table[[#This Row],[Aware: Monthly Meetings]]="Yes",Table[[#This Row],[Attended in Past 3 Years]]="No"), "Aware Non-attendee", TRUE, "Check Data")} -> Aware Attendee | O56: NA | P56: Yes | Q56: Yes
A57: 56 | B57: Staff_007 | C57: Administration | D57: Division 007 | E57: 11-20 | F57: =MATCH(Table[[#This Row],[Years of Service]], {"<1","1-5","6-10","11-20","21-30","31-40","40+"}, 0) -> 4 | G57: No | H57: Non-supervisor | I57: Yes | J57: Yes | K57: {=_xlfn.IFS(AND(Table[[#This Row],[Aware: Safety & Wellness Office]]="Yes",Table[[#This Row],[Aware: Monthly Meetings]]="Yes"), "Aware of office & meeting", AND(Table[[#This Row],[Aware: Safety & Wellness Office]]="Yes", Table[[#This Row],[Aware: Monthly Meetings]]="No"), "Aware of office", AND(Table[[#This Row],[Aware: Safety & Wellness Office]]="No", Table[[#This Row],[Aware: Monthly Meetings]]="Yes"), "Aware of meeting", AND(Table[[#This Row],[Aware: Safety & Wellness Office]]="No", Table[[#This Row],[Aware: Monthly Meetings]]="No"),"Unaware of office & meeting", TRUE, "Check Data")} -> Aware of office & meeting | L57: No | M57: {=_xlfn.IFS(AND(Table[[#This Row],[Aware: Safety & Wellness Office]]="Yes",Table[[#This Row],[Aware: Monthly Meetings]]="Yes",Table[[#This Row],[Attended in Past 3 Years]]="Yes"), "Aware Attendee", AND(Table[[#This Row],[Aware: Safety & Wellness Office]]="Yes",Table[[#This Row],[Aware: Monthly Meetings]]="No",Table[[#This Row],[Attended in Past 3 Years]]="Yes"), "Office Aware Attendee", AND(Table[[#This Row],[Aware: Safety & Wellness Office]]="No",Table[[#This Row],[Aware: Monthly Meetings]]="Yes",Table[[#This Row],[Attended in Past 3 Years]]="Yes"), "Meeting Aware Attendee", AND(Table[[#This Row],[Aware: Safety & Wellness Office]]="No",Table[[#This Row],[Aware: Monthly Meetings]]="No",Table[[#This Row],[Attended in Past 3 Years]]="Yes"), "Unaware Attendee", AND(Table[[#This Row],[Aware: Safety & Wellness Office]]="No",Table[[#This Row],[Aware: Monthly Meetings]]="No",Table[[#This Row],[Attended in Past 3 Years]]="No"), "Unaware Non-attendee", AND(Table[[#This Row],[Aware: Safety & Wellness Office]]="Yes",Table[[#This Row],[Aware: Monthly Meetings]]="No",Table[[#This Row],[Attended in Past 3 Years]]="No"), "Office Aware Non-attendee", AND(Table[[#This Row],[Aware: Safety & Wellness Office]]="No",Table[[#This Row],[Aware: Monthly Meetings]]="Yes",Table[[#This Row],[Attended in Past 3 Years]]="No"), "Meeting Aware Non-attendee", AND(Table[[#This Row],[Aware: Safety & Wellness Office]]="Yes",Table[[#This Row],[Aware: Monthly Meetings]]="Yes",Table[[#This Row],[Attended in Past 3 Years]]="No"), "Aware Non-attendee", TRUE, "Check Data")} -> Aware Non-attendee | N57: Location too far | O57: Unaware | P57: No | Q57: Unsure
A58: 57 | B58: Staff_012 | C58: Administration | D58: Division 047 | E58: 11-20 | F58: =MATCH(Table[[#This Row],[Years of Service]], {"<1","1-5","6-10","11-20","21-30","31-40","40+"}, 0) -> 4 | G58: No | H58: Non-supervisor | I58: Yes | J58: Yes | K58: {=_xlfn.IFS(AND(Table[[#This Row],[Aware: Safety & Wellness Office]]="Yes",Table[[#This Row],[Aware: Monthly Meetings]]="Yes"), "Aware of office & meeting", AND(Table[[#This Row],[Aware: Safety & Wellness Office]]="Yes", Table[[#This Row],[Aware: Monthly Meetings]]="No"), "Aware of office", AND(Table[[#This Row],[Aware: Safety & Wellness Office]]="No", Table[[#This Row],[Aware: Monthly Meetings]]="Yes"), "Aware of meeting", AND(Table[[#This Row],[Aware: Safety & Wellness Office]]="No", Table[[#This Row],[Aware: Monthly Meetings]]="No"),"Unaware of office & meeting", TRUE, "Check Data")} -> Aware of office & meeting | L58: No | M58: {=_xlfn.IFS(AND(Table[[#This Row],[Aware: Safety & Wellness Office]]="Yes",Table[[#This Row],[Aware: Monthly Meetings]]="Yes",Table[[#This Row],[Attended in Past 3 Years]]="Yes"), "Aware Attendee", AND(Table[[#This Row],[Aware: Safety & Wellness Office]]="Yes",Table[[#This Row],[Aware: Monthly Meetings]]="No",Table[[#This Row],[Attended in Past 3 Years]]="Yes"), "Office Aware Attendee", AND(Table[[#This Row],[Aware: Safety & Wellness Office]]="No",Table[[#This Row],[Aware: Monthly Meetings]]="Yes",Table[[#This Row],[Attended in Past 3 Years]]="Yes"), "Meeting Aware Attendee", AND(Table[[#This Row],[Aware: Safety & Wellness Office]]="No",Table[[#This Row],[Aware: Monthly Meetings]]="No",Table[[#This Row],[Attended in Past 3 Years]]="Yes"), "Unaware Attendee", AND(Table[[#This Row],[Aware: Safety & Wellness Office]]="No",Table[[#This Row],[Aware: Monthly Meetings]]="No",Table[[#This Row],[Attended in Past 3 Years]]="No"), "Unaware Non-attendee", AND(Table[[#This Row],[Aware: Safety & Wellness Office]]="Yes",Table[[#This Row],[Aware: Monthly Meetings]]="No",Table[[#This Row],[Attended in Past 3 Years]]="No"), "Office Aware Non-attendee", AND(Table[[#This Row],[Aware: Safety & Wellness Office]]="No",Table[[#This Row],[Aware: Monthly Meetings]]="Yes",Table[[#This Row],[Attended in Past 3 Years]]="No"), "Meeting Aware Non-attendee", AND(Table[[#This Row],[Aware: Safety & Wellness Office]]="Yes",Table[[#This Row],[Aware: Monthly Meetings]]="Yes",Table[[#This Row],[Attended in Past 3 Years]]="No"), "Aware Non-attendee", TRUE, "Check Data")} -> Aware Non-attendee | N58: Topic felt not relevant | O58: Time conflict | P58: No | Q58: Unsure
A59: 58 | B59: Staff_013 | C59: Repairs | D59: Division 098 | E59: 11-20 | F59: =MATCH(Table[[#This Row],[Years of Service]], {"<1","1-5","6-10","11-20","21-30","31-40","40+"}, 0) -> 4 | G59: No | H59: Non-supervisor | I59: No | J59: No | K59: {=_xlfn.IFS(AND(Table[[#This Row],[Aware: Safety & Wellness Office]]="Yes",Table[[#This Row],[Aware: Monthly Meetings]]="Yes"), "Aware of office & meeting", AND(Table[[#This Row],[Aware: Safety & Wellness Office]]="Yes", Table[[#This Row],[Aware: Monthly Meetings]]="No"), "Aware of office", AND(Table[[#This Row],[Aware: Safety & Wellness Office]]="No", Table[[#This Row],[Aware: Monthly Meetings]]="Yes"), "Aware of meeting", AND(Table[[#This Row],[Aware: Safety & Wellness Office]]="No", Table[[#This Row],[Aware: Monthly Meetings]]="No"),"Unaware of office & meeting", TRUE, "Check Data")} -> Unaware of office & meeting | L59: No | M59: {=_xlfn.IFS(AND(Table[[#This Row],[Aware: Safety & Wellness Office]]="Yes",Table[[#This Row],[Aware: Monthly Meetings]]="Yes",Table[[#This Row],[Attended in Past 3 Years]]="Yes"), "Aware Attendee", AND(Table[[#This Row],[Aware: Safety & Wellness Office]]="Yes",Table[[#This Row],[Aware: Monthly Meetings]]="No",Table[[#This Row],[Attended in Past 3 Years]]="Yes"), "Office Aware Attendee", AND(Table[[#This Row],[Aware: Safety & Wellness Office]]="No",Table[[#This Row],[Aware: Monthly Meetings]]="Yes",Table[[#This Row],[Attended in Past 3 Years]]="Yes"), "Meeting Aware Attendee", AND(Table[[#This Row],[Aware: Safety & Wellness Office]]="No",Table[[#This Row],[Aware: Monthly Meetings]]="No",Table[[#This Row],[Attended in Past 3 Years]]="Yes"), "Unaware Attendee", AND(Table[[#This Row],[Aware: Safety & Wellness Office]]="No",Table[[#This Row],[Aware: Monthly Meetings]]="No",Table[[#This Row],[Attended in Past 3 Years]]="No"), "Unaware Non-attendee", AND(Table[[#This Row],[Aware: Safety & Wellness Office]]="Yes",Table[[#This Row],[Aware: Monthly Meetings]]="No",Table[[#This Row],[Attended in Past 3 Years]]="No"), "Office Aware Non-attendee", AND(Table[[#This Row],[Aware: Safety & Wellness Office]]="No",Table[[#This Row],[Aware: Monthly Meetings]]="Yes",Table[[#This Row],[Attended in Past 3 Years]]="No"), "Meeting Aware Non-attendee", AND(Table[[#This Row],[Aware: Safety & Wellness Office]]="Yes",Table[[#This Row],[Aware: Monthly Meetings]]="Yes",Table[[#This Row],[Attended in Past 3 Years]]="No"), "Aware Non-attendee", TRUE, "Check Data")} -> Unaware Non-attendee | N59: Unaware of meeting schedule | O59: Unaware | P59: No | Q59: No
A60: 59 | B60: Staff_024 | C60: Administration | D60: Division 100 | E60: 11-20 | F60: =MATCH(Table[[#This Row],[Years of Service]], {"<1","1-5","6-10","11-20","21-30","31-40","40+"}, 0) -> 4 | G60: No | H60: Non-supervisor | I60: No | J60: No | K60: {=_xlfn.IFS(AND(Table[[#This Row],[Aware: Safety & Wellness Office]]="Yes",Table[[#This Row],[Aware: Monthly Meetings]]="Yes"), "Aware of office & meeting", AND(Table[[#This Row],[Aware: Safety & Wellness Office]]="Yes", Table[[#This Row],[Aware: Monthly Meetings]]="No"), "Aware of office", AND(Table[[#This Row],[Aware: Safety & Wellness Office]]="No", Table[[#This Row],[Aware: Monthly Meetings]]="Yes"), "Aware of meeting", AND(Table[[#This Row],[Aware: Safety & Wellness Office]]="No", Table[[#This Row],[Aware: Monthly Meetings]]="No"),"Unaware of office & meeting", TRUE, "Check Data")} -> Unaware of office & meeting | L60: No | M60: {=_xlfn.IFS(AND(Table[[#This Row],[Aware: Safety & Wellness Office]]="Yes",Table[[#This Row],[Aware: Monthly Meetings]]="Yes",Table[[#This Row],[Attended in Past 3 Years]]="Yes"), "Aware Attendee", AND(Table[[#This Row],[Aware: Safety & Wellness Office]]="Yes",Table[[#This Row],[Aware: Monthly Meetings]]="No",Table[[#This Row],[Attended in Past 3 Years]]="Yes"), "Office Aware Attendee", AND(Table[[#This Row],[Aware: Safety & Wellness Office]]="No",Table[[#This Row],[Aware: Monthly Meetings]]="Yes",Table[[#This Row],[Attended in Past 3 Years]]="Yes"), "Meeting Aware Attendee", AND(Table[[#This Row],[Aware: Safety & Wellness Office]]="No",Table[[#This Row],[Aware: Monthly Meetings]]="No",Table[[#This Row],[Attended in Past 3 Years]]="Yes"), "Unaware Attendee", AND(Table[[#This Row],[Aware: Safety & Wellness Office]]="No",Table[[#This Row],[Aware: Monthly Meetings]]="No",Table[[#This Row],[Attended in Past 3 Years]]="No"), "Unaware Non-attendee", AND(Table[[#This Row],[Aware: Safety & Wellness Office]]="Yes",Table[[#This Row],[Aware: Monthly Meetings]]="No",Table[[#This Row],[Attended in Past 3 Years]]="No"), "Office Aware Non-attendee", AND(Table[[#This Row],[Aware: Safety & Wellness Office]]="No",Table[[#This Row],[Aware: Monthly Meetings]]="Yes",Table[[#This Row],[Attended in Past 3 Years]]="No"), "Meeting Aware Non-attendee", AND(Table[[#This Row],[Aware: Safety & Wellness Office]]="Yes",Table[[#This Row],[Aware: Monthly Meetings]]="Yes",Table[[#This Row],[Attended in Past 3 Years]]="No"), "Aware Non-attendee", TRUE, "Check Data")} -> Unaware Non-attendee | N60: Unaware of meeting schedule | O60: Unaware | P60: No | Q60: No
A61: 60 | B61: Staff_030 | C61: Administration | D61: Division 078 | E61: 11-20 | F61: =MATCH(Table[[#This Row],[Years of Service]], {"<1","1-5","6-10","11-20","21-30","31-40","40+"}, 0) -> 4 | G61: No | H61: Non-supervisor | I61: Yes | J61: Yes | K61: {=_xlfn.IFS(AND(Table[[#This Row],[Aware: Safety & Wellness Office]]="Yes",Table[[#This Row],[Aware: Monthly Meetings]]="Yes"), "Aware of office & meeting", AND(Table[[#This Row],[Aware: Safety & Wellness Office]]="Yes", Table[[#This Row],[Aware: Monthly Meetings]]="No"), "Aware of office", AND(Table[[#This Row],[Aware: Safety & Wellness Office]]="No", Table[[#This Row],[Aware: Monthly Meetings]]="Yes"), "Aware of meeting", AND(Table[[#This Row],[Aware: Safety & Wellness Office]]="No", Table[[#This Row],[Aware: Monthly Meetings]]="No"),"Unaware of office & meeting", TRUE, "Check Data")} -> Aware of office & meeting | L61: No | M61: {=_xlfn.IFS(AND(Table[[#This Row],[Aware: Safety & Wellness Office]]="Yes",Table[[#This Row],[Aware: Monthly Meetings]]="Yes",Table[[#This Row],[Attended in Past 3 Years]]="Yes"), "Aware Attendee", AND(Table[[#This Row],[Aware: Safety & Wellness Office]]="Yes",Table[[#This Row],[Aware: Monthly Meetings]]="No",Table[[#This Row],[Attended in Past 3 Years]]="Yes"), "Office Aware Attendee", AND(Table[[#This Row],[Aware: Safety & Wellness Office]]="No",Table[[#This Row],[Aware: Monthly Meetings]]="Yes",Table[[#This Row],[Attended in Past 3 Years]]="Yes"), "Meeting Aware Attendee", AND(Table[[#This Row],[Aware: Safety & Wellness Office]]="No",Table[[#This Row],[Aware: Monthly Meetings]]="No",Table[[#This Row],[Attended in Past 3 Years]]="Yes"), "Unaware Attendee", AND(Table[[#This Row],[Aware: Safety & Wellness Office]]="No",Table[[#This Row],[Aware: Monthly Meetings]]="No",Table[[#This Row],[Attended in Past 3 Years]]="No"), "Unaware Non-attendee", AND(Table[[#This Row],[Aware: Safety & Wellness Office]]="Yes",Table[[#This Row],[Aware: Monthly Meetings]]="No",Table[[#This Row],[Attended in Past 3 Years]]="No"), "Office Aware Non-attendee", AND(Table[[#This Row],[Aware: Safety & Wellness Office]]="No",Table[[#This Row],[Aware: Monthly Meetings]]="Yes",Table[[#This Row],[Attended in Past 3 Years]]="No"), "Meeting Aware Non-attendee", AND(Table[[#This Row],[Aware: Safety & Wellness Office]]="Yes",Table[[#This Row],[Aware: Monthly Meetings]]="Yes",Table[[#This Row],[Attended in Past 3 Years]]="No"), "Aware Non-attendee", TRUE, "Check Data")} -> Aware Non-attendee | N61: Topic felt not relevant | O61: Time conflict | P61: Yes | Q61: Unsure
A62: 61 | B62: Staff_031 | C62: Sales & Marketing | D62: Division 026 | E62: 11-20 | F62: =MATCH(Table[[#This Row],[Years of Service]], {"<1","1-5","6-10","11-20","21-30","31-40","40+"}, 0) -> 4 | G62: No | H62: Non-supervisor | I62: Yes | J62: Yes | K62: {=_xlfn.IFS(AND(Table[[#This Row],[Aware: Safety & Wellness Office]]="Yes",Table[[#This Row],[Aware: Monthly Meetings]]="Yes"), "Aware of office & meeting", AND(Table[[#This Row],[Aware: Safety & Wellness Office]]="Yes", Table[[#This Row],[Aware: Monthly Meetings]]="No"), "Aware of office", AND(Table[[#This Row],[Aware: Safety & Wellness Office]]="No", Table[[#This Row],[Aware: Monthly Meetings]]="Yes"), "Aware of meeting", AND(Table[[#This Row],[Aware: Safety & Wellness Office]]="No", Table[[#This Row],[Aware: Monthly Meetings]]="No"),"Unaware of office & meeting", TRUE, "Check Data")} -> Aware of office & meeting | L62: Yes | M62: {=_xlfn.IFS(AND(Table[[#This Row],[Aware: Safety & Wellness Office]]="Yes",Table[[#This Row],[Aware: Monthly Meetings]]="Yes",Table[[#This Row],[Attended in Past 3 Years]]="Yes"), "Aware Attendee", AND(Table[[#This Row],[Aware: Safety & Wellness Office]]="Yes",Table[[#This Row],[Aware: Monthly Meetings]]="No",Table[[#This Row],[Attended in Past 3 Years]]="Yes"), "Office Aware Attendee", AND(Table[[#This Row],[Aware: Safety & Wellness Office]]="No",Table[[#This Row],[Aware: Monthly Meetings]]="Yes",Table[[#This Row],[Attended in Past 3 Years]]="Yes"), "Meeting Aware Attendee", AND(Table[[#This Row],[Aware: Safety & Wellness Office]]="No",Table[[#This Row],[Aware: Monthly Meetings]]="No",Table[[#This Row],[Attended in Past 3 Years]]="Yes"), "Unaware Attendee", AND(Table[[#This Row],[Aware: Safety & Wellness Office]]="No",Table[[#This Row],[Aware: Monthly Meetings]]="No",Table[[#This Row],[Attended in Past 3 Years]]="No"), "Unaware Non-attendee", AND(Table[[#This Row],[Aware: Safety & Wellness Office]]="Yes",Table[[#This Row],[Aware: Monthly Meetings]]="No",Table[[#This Row],[Attended in Past 3 Years]]="No"), "Office Aware Non-attendee", AND(Table[[#This Row],[Aware: Safety & Wellness Office]]="No",Table[[#This Row],[Aware: Monthly Meetings]]="Yes",Table[[#This Row],[Attended in Past 3 Years]]="No"), "Meeting Aware Non-attendee", AND(Table[[#This Row],[Aware: Safety & Wellness Office]]="Yes",Table[[#This Row],[Aware: Monthly Meetings]]="Yes",Table[[#This Row],[Attended in Past 3 Years]]="No"), "Aware Non-attendee", TRUE, "Check Data")} -> Aware Attendee | O62: NA | P62: Yes | Q62: Unsure
A63: 62 | B63: Staff_034 | C63: Repairs | D63: Division 061 | E63: 11-20 | F63: =MATCH(Table[[#This Row],[Years of Service]], {"<1","1-5","6-10","11-20","21-30","31-40","40+"}, 0) -> 4 | G63: No | H63: Non-supervisor | I63: Yes | J63: Yes | K63: {=_xlfn.IFS(AND(Table[[#This Row],[Aware: Safety & Wellness Office]]="Yes",Table[[#This Row],[Aware: Monthly Meetings]]="Yes"), "Aware of office & meeting", AND(Table[[#This Row],[Aware: Safety & Wellness Office]]="Yes", Table[[#This Row],[Aware: Monthly Meetings]]="No"), "Aware of office", AND(Table[[#This Row],[Aware: Safety & Wellness Office]]="No", Table[[#This Row],[Aware: Monthly Meetings]]="Yes"), "Aware of meeting", AND(Table[[#This Row],[Aware: Safety & Wellness Office]]="No", Table[[#This Row],[Aware: Monthly Meetings]]="No"),"Unaware of office & meeting", TRUE, "Check Data")} -> Aware of office & meeting | L63: No | M63: {=_xlfn.IFS(AND(Table[[#This Row],[Aware: Safety & Wellness Office]]="Yes",Table[[#This Row],[Aware: Monthly Meetings]]="Yes",Table[[#This Row],[Attended in Past 3 Years]]="Yes"), "Aware Attendee", AND(Table[[#This Row],[Aware: Safety & Wellness Office]]="Yes",Table[[#This Row],[Aware: Monthly Meetings]]="No",Table[[#This Row],[Attended in Past 3 Years]]="Yes"), "Office Aware Attendee", AND(Table[[#This Row],[Aware: Safety & Wellness Office]]="No",Table[[#This Row],[Aware: Monthly Meetings]]="Yes",Table[[#This Row],[Attended in Past 3 Years]]="Yes"), "Meeting Aware Attendee", AND(Table[[#This Row],[Aware: Safety & Wellness Office]]="No",Table[[#This Row],[Aware: Monthly Meetings]]="No",Table[[#This Row],[Attended in Past 3 Years]]="Yes"), "Unaware Attendee", AND(Table[[#This Row],[Aware: Safety & Wellness Office]]="No",Table[[#This Row],[Aware: Monthly Meetings]]="No",Table[[#This Row],[Attended in Past 3 Years]]="No"), "Unaware Non-attendee", AND(Table[[#This Row],[Aware: Safety & Wellness Office]]="Yes",Table[[#This Row],[Aware: Monthly Meetings]]="No",Table[[#This Row],[Attended in Past 3 Years]]="No"), "Office Aware Non-attendee", AND(Table[[#This Row],[Aware: Safety & Wellness Office]]="No",Table[[#This Row],[Aware: Monthly Meetings]]="Yes",Table[[#This Row],[Attended in Past 3 Years]]="No"), "Meeting Aware Non-attendee", AND(Table[[#This Row],[Aware: Safety & Wellness Office]]="Yes",Table[[#This Row],[Aware: Monthly Meetings]]="Yes",Table[[#This Row],[Attended in Past 3 Years]]="No"), "Aware Non-attendee", TRUE, "Check Data")} -> Aware Non-attendee | N63: Time conflict with shift | O63: Time conflict | P63: Yes | Q63: No
A64: 63 | B64: Staff_035 | C64: Administration | D64: Division 043 | E64: 11-20 | F64: =MATCH(Table[[#This Row],[Years of Service]], {"<1","1-5","6-10","11-20","21-30","31-40","40+"}, 0) -> 4 | G64: No | H64: Non-supervisor | I64: Yes | J64: No | K64: {=_xlfn.IFS(AND(Table[[#This Row],[Aware: Safety & Wellness Office]]="Yes",Table[[#This Row],[Aware: Monthly Meetings]]="Yes"), "Aware of office & meeting", AND(Table[[#This Row],[Aware: Safety & Wellness Office]]="Yes", Table[[#This Row],[Aware: Monthly Meetings]]="No"), "Aware of office", AND(Table[[#This Row],[Aware: Safety & Wellness Office]]="No", Table[[#This Row],[Aware: Monthly Meetings]]="Yes"), "Aware of meeting", AND(Table[[#This Row],[Aware: Safety & Wellness Office]]="No", Table[[#This Row],[Aware: Monthly Meetings]]="No"),"Unaware of office & meeting", TRUE, "Check Data")} -> Aware of office | L64: No | M64: {=_xlfn.IFS(AND(Table[[#This Row],[Aware: Safety & Wellness Office]]="Yes",Table[[#This Row],[Aware: Monthly Meetings]]="Yes",Table[[#This Row],[Attended in Past 3 Years]]="Yes"), "Aware Attendee", AND(Table[[#This Row],[Aware: Safety & Wellness Office]]="Yes",Table[[#This Row],[Aware: Monthly Meetings]]="No",Table[[#This Row],[Attended in Past 3 Years]]="Yes"), "Office Aware Attendee", AND(Table[[#This Row],[Aware: Safety & Wellness Office]]="No",Table[[#This Row],[Aware: Monthly Meetings]]="Yes",Table[[#This Row],[Attended in Past 3 Years]]="Yes"), "Meeting Aware Attendee", AND(Table[[#This Row],[Aware: Safety & Wellness Office]]="No",Table[[#This Row],[Aware: Monthly Meetings]]="No",Table[[#This Row],[Attended in Past 3 Years]]="Yes"), "Unaware Attendee", AND(Table[[#This Row],[Aware: Safety & Wellness Office]]="No",Table[[#This Row],[Aware: Monthly Meetings]]="No",Table[[#This Row],[Attended in Past 3 Years]]="No"), "Unaware Non-attendee", AND(Table[[#This Row],[Aware: Safety & Wellness Office]]="Yes",Table[[#This Row],[Aware: Monthly Meetings]]="No",Table[[#This Row],[Attended in Past 3 Years]]="No"), "Office Aware Non-attendee", AND(Table[[#This Row],[Aware: Safety & Wellness Office]]="No",Table[[#This Row],[Aware: Monthly Meetings]]="Yes",Table[[#This Row],[Attended in Past 3 Years]]="No"), "Meeting Aware Non-attendee", AND(Table[[#This Row],[Aware: Safety & Wellness Office]]="Yes",Table[[#This Row],[Aware: Monthly Meetings]]="Yes",Table[[#This Row],[Attended in Past 3 Years]]="No"), "Aware Non-attendee", TRUE, "Check Data")} -> Office Aware Non-attendee | N64: Time conflict with shift | O64: Time conflict | P64: No | Q64: No
A65: 64 | B65: Staff_036 | C65: Sales & Marketing | D65: Division 053 | E65: 11-20 | F65: =MATCH(Table[[#This Row],[Years of Service]], {"<1","1-5","6-10","11-20","21-30","31-40","40+"}, 0) -> 4 | G65: Yes | H65: Supervisor | I65: Yes | J65: Yes | K65: {=_xlfn.IFS(AND(Table[[#This Row],[Aware: Safety & Wellness Office]]="Yes",Table[[#This Row],[Aware: Monthly Meetings]]="Yes"), "Aware of office & meeting", AND(Table[[#This Row],[Aware: Safety & Wellness Office]]="Yes", Table[[#This Row],[Aware: Monthly Meetings]]="No"), "Aware of office", AND(Table[[#This Row],[Aware: Safety & Wellness Office]]="No", Table[[#This Row],[Aware: Monthly Meetings]]="Yes"), "Aware of meeting", AND(Table[[#This Row],[Aware: Safety & Wellness Office]]="No", Table[[#This Row],[Aware: Monthly Meetings]]="No"),"Unaware of office & meeting", TRUE, "Check Data")} -> Aware of office & meeting | L65: No | M65: {=_xlfn.IFS(AND(Table[[#This Row],[Aware: Safety & Wellness Office]]="Yes",Table[[#This Row],[Aware: Monthly Meetings]]="Yes",Table[[#This Row],[Attended in Past 3 Years]]="Yes"), "Aware Attendee", AND(Table[[#This Row],[Aware: Safety & Wellness Office]]="Yes",Table[[#This Row],[Aware: Monthly Meetings]]="No",Table[[#This Row],[Attended in Past 3 Years]]="Yes"), "Office Aware Attendee", AND(Table[[#This Row],[Aware: Safety & Wellness Office]]="No",Table[[#This Row],[Aware: Monthly Meetings]]="Yes",Table[[#This Row],[Attended in Past 3 Years]]="Yes"), "Meeting Aware Attendee", AND(Table[[#This Row],[Aware: Safety & Wellness Office]]="No",Table[[#This Row],[Aware: Monthly Meetings]]="No",Table[[#This Row],[Attended in Past 3 Years]]="Yes"), "Unaware Attendee", AND(Table[[#This Row],[Aware: Safety & Wellness Office]]="No",Table[[#This Row],[Aware: Monthly Meetings]]="No",Table[[#This Row],[Attended in Past 3 Years]]="No"), "Unaware Non-attendee", AND(Table[[#This Row],[Aware: Safety & Wellness Office]]="Yes",Table[[#This Row],[Aware: Monthly Meetings]]="No",Table[[#This Row],[Attended in Past 3 Years]]="No"), "Office Aware Non-attendee", AND(Table[[#This Row],[Aware: Safety & Wellness Office]]="No",Table[[#This Row],[Aware: Monthly Meetings]]="Yes",Table[[#This Row],[Attended in Past 3 Years]]="No"), "Meeting Aware Non-attendee", AND(Table[[#This Row],[Aware: Safety & Wellness Office]]="Yes",Table[[#This Row],[Aware: Monthly Meetings]]="Yes",Table[[#This Row],[Attended in Past 3 Years]]="No"), "Aware Non-attendee", TRUE, "Check Data")} -> Aware Non-attendee | N65: Topic felt not relevant | O65: Time conflict | P65: No | Q65: Unsure
A66: 65 | B66: Staff_046 | C66: Repairs | D66: Division 088 | E66: 11-20 | F66: =MATCH(Table[[#This Row],[Years of Service]], {"<1","1-5","6-10","11-20","21-30","31-40","40+"}, 0) -> 4 | G66: No | H66: Non-supervisor | I66: No | J66: No | K66: {=_xlfn.IFS(AND(Table[[#This Row],[Aware: Safety & Wellness Office]]="Yes",Table[[#This Row],[Aware: Monthly Meetings]]="Yes"), "Aware of office & meeting", AND(Table[[#This Row],[Aware: Safety & Wellness Office]]="Yes", Table[[#This Row],[Aware: Monthly Meetings]]="No"), "Aware of office", AND(Table[[#This Row],[Aware: Safety & Wellness Office]]="No", Table[[#This Row],[Aware: Monthly Meetings]]="Yes"), "Aware of meeting", AND(Table[[#This Row],[Aware: Safety & Wellness Office]]="No", Table[[#This Row],[Aware: Monthly Meetings]]="No"),"Unaware of office & meeting", TRUE, "Check Data")} -> Unaware of office & meeting | L66: No | M66: {=_xlfn.IFS(AND(Table[[#This Row],[Aware: Safety & Wellness Office]]="Yes",Table[[#This Row],[Aware: Monthly Meetings]]="Yes",Table[[#This Row],[Attended in Past 3 Years]]="Yes"), "Aware Attendee", AND(Table[[#This Row],[Aware: Safety & Wellness Office]]="Yes",Table[[#This Row],[Aware: Monthly Meetings]]="No",Table[[#This Row],[Attended in Past 3 Years]]="Yes"), "Office Aware Attendee", AND(Table[[#This Row],[Aware: Safety & Wellness Office]]="No",Table[[#This Row],[Aware: Monthly Meetings]]="Yes",Table[[#This Row],[Attended in Past 3 Years]]="Yes"), "Meeting Aware Attendee", AND(Table[[#This Row],[Aware: Safety & Wellness Office]]="No",Table[[#This Row],[Aware: Monthly Meetings]]="No",Table[[#This Row],[Attended in Past 3 Years]]="Yes"), "Unaware Attendee", AND(Table[[#This Row],[Aware: Safety & Wellness Office]]="No",Table[[#This Row],[Aware: Monthly Meetings]]="No",Table[[#This Row],[Attended in Past 3 Years]]="No"), "Unaware Non-attendee", AND(Table[[#This Row],[Aware: Safety & Wellness Office]]="Yes",Table[[#This Row],[Aware: Monthly Meetings]]="No",Table[[#This Row],[Attended in Past 3 Years]]="No"), "Office Aware Non-attendee", AND(Table[[#This Row],[Aware: Safety & Wellness Office]]="No",Table[[#This Row],[Aware: Monthly Meetings]]="Yes",Table[[#This Row],[Attended in Past 3 Years]]="No"), "Meeting Aware Non-attendee", AND(Table[[#This Row],[Aware: Safety & Wellness Office]]="Yes",Table[[#This Row],[Aware: Monthly Meetings]]="Yes",Table[[#This Row],[Attended in Past 3 Years]]="No"), "Aware Non-attendee", TRUE, "Check Data")} -> Unaware Non-attendee | N66: Unaware of meeting schedule | O66: Unaware | P66: No | Q66: Unsure
A67: 66 | B67: Staff_054 | C67: Sales & Marketing | D67: Division 070 | E67: 11-20 | F67: =MATCH(Table[[#This Row],[Years of Service]], {"<1","1-5","6-10","11-20","21-30","31-40","40+"}, 0) -> 4 | G67: Yes | H67: Supervisor | I67: Yes | J67: Yes | K67: {=_xlfn.IFS(AND(Table[[#This Row],[Aware: Safety & Wellness Office]]="Yes",Table[[#This Row],[Aware: Monthly Meetings]]="Yes"), "Aware of office & meeting", AND(Table[[#This Row],[Aware: Safety & Wellness Office]]="Yes", Table[[#This Row],[Aware: Monthly Meetings]]="No"), "Aware of office", AND(Table[[#This Row],[Aware: Safety & Wellness Office]]="No", Table[[#This Row],[Aware: Monthly Meetings]]="Yes"), "Aware of meeting", AND(Table[[#This Row],[Aware: Safety & Wellness Office]]="No", Table[[#This Row],[Aware: Monthly Meetings]]="No"),"Unaware of office & meeting", TRUE, "Check Data")} -> Aware of office & meeting | L67: Yes | M67: {=_xlfn.IFS(AND(Table[[#This Row],[Aware: Safety & Wellness Office]]="Yes",Table[[#This Row],[Aware: Monthly Meetings]]="Yes",Table[[#This Row],[Attended in Past 3 Years]]="Yes"), "Aware Attendee", AND(Table[[#This Row],[Aware: Safety & Wellness Office]]="Yes",Table[[#This Row],[Aware: Monthly Meetings]]="No",Table[[#This Row],[Attended in Past 3 Years]]="Yes"), "Office Aware Attendee", AND(Table[[#This Row],[Aware: Safety & Wellness Office]]="No",Table[[#This Row],[Aware: Monthly Meetings]]="Yes",Table[[#This Row],[Attended in Past 3 Years]]="Yes"), "Meeting Aware Attendee", AND(Table[[#This Row],[Aware: Safety & Wellness Office]]="No",Table[[#This Row],[Aware: Monthly Meetings]]="No",Table[[#This Row],[Attended in Past 3 Years]]="Yes"), "Unaware Attendee", AND(Table[[#This Row],[Aware: Safety & Wellness Office]]="No",Table[[#This Row],[Aware: Monthly Meetings]]="No",Table[[#This Row],[Attended in Past 3 Years]]="No"), "Unaware Non-attendee", AND(Table[[#This Row],[Aware: Safety & Wellness Office]]="Yes",Table[[#This Row],[Aware: Monthly Meetings]]="No",Table[[#This Row],[Attended in Past 3 Years]]="No"), "Office Aware Non-attendee", AND(Table[[#This Row],[Aware: Safety & Wellness Office]]="No",Table[[#This Row],[Aware: Monthly Meetings]]="Yes",Table[[#This Row],[Attended in Past 3 Years]]="No"), "Meeting Aware Non-attendee", AND(Table[[#This Row],[Aware: Safety & Wellness Office]]="Yes",Table[[#This Row],[Aware: Monthly Meetings]]="Yes",Table[[#This Row],[Attended in Past 3 Years]]="No"), "Aware Non-attendee", TRUE, "Check Data")} -> Aware Attendee | O67: NA | P67: No | Q67: Unsure
A68: 67 | B68: Staff_055 | C68: Administration | D68: Division 005 | E68: 11-20 | F68: =MATCH(Table[[#This Row],[Years of Service]], {"<1","1-5","6-10","11-20","21-30","31-40","40+"}, 0) -> 4 | G68: No | H68: Non-supervisor | I68: Yes | J68: Yes | K68: {=_xlfn.IFS(AND(Table[[#This Row],[Aware: Safety & Wellness Office]]="Yes",Table[[#This Row],[Aware: Monthly Meetings]]="Yes"), "Aware of office & meeting", AND(Table[[#This Row],[Aware: Safety & Wellness Office]]="Yes", Table[[#This Row],[Aware: Monthly Meetings]]="No"), "Aware of office", AND(Table[[#This Row],[Aware: Safety & Wellness Office]]="No", Table[[#This Row],[Aware: Monthly Meetings]]="Yes"), "Aware of meeting", AND(Table[[#This Row],[Aware: Safety & Wellness Office]]="No", Table[[#This Row],[Aware: Monthly Meetings]]="No"),"Unaware of office & meeting", TRUE, "Check Data")} -> Aware of office & meeting | L68: No | M68: {=_xlfn.IFS(AND(Table[[#This Row],[Aware: Safety & Wellness Office]]="Yes",Table[[#This Row],[Aware: Monthly Meetings]]="Yes",Table[[#This Row],[Attended in Past 3 Years]]="Yes"), "Aware Attendee", AND(Table[[#This Row],[Aware: Safety & Wellness Office]]="Yes",Table[[#This Row],[Aware: Monthly Meetings]]="No",Table[[#This Row],[Attended in Past 3 Years]]="Yes"), "Office Aware Attendee", AND(Table[[#This Row],[Aware: Safety & Wellness Office]]="No",Table[[#This Row],[Aware: Monthly Meetings]]="Yes",Table[[#This Row],[Attended in Past 3 Years]]="Yes"), "Meeting Aware Attendee", AND(Table[[#This Row],[Aware: Safety & Wellness Office]]="No",Table[[#This Row],[Aware: Monthly Meetings]]="No",Table[[#This Row],[Attended in Past 3 Years]]="Yes"), "Unaware Attendee", AND(Table[[#This Row],[Aware: Safety & Wellness Office]]="No",Table[[#This Row],[Aware: Monthly Meetings]]="No",Table[[#This Row],[Attended in Past 3 Years]]="No"), "Unaware Non-attendee", AND(Table[[#This Row],[Aware: Safety & Wellness Office]]="Yes",Table[[#This Row],[Aware: Monthly Meetings]]="No",Table[[#This Row],[Attended in Past 3 Years]]="No"), "Office Aware Non-attendee", AND(Table[[#This Row],[Aware: Safety & Wellness Office]]="No",Table[[#This Row],[Aware: Monthly Meetings]]="Yes",Table[[#This Row],[Attended in Past 3 Years]]="No"), "Meeting Aware Non-attendee", AND(Table[[#This Row],[Aware: Safety & Wellness Office]]="Yes",Table[[#This Row],[Aware: Monthly Meetings]]="Yes",Table[[#This Row],[Attended in Past 3 Years]]="No"), "Aware Non-attendee", TRUE, "Check Data")} -> Aware Non-attendee | N68: Forgot due to no reminder | O68: Time conflict | P68: No | Q68: No
A69: 68 | B69: Staff_058 | C69: Sales & Marketing | D69: Division 008 | E69: 11-20 | F69: =MATCH(Table[[#This Row],[Years of Service]], {"<1","1-5","6-10","11-20","21-30","31-40","40+"}, 0) -> 4 | G69: No | H69: Non-supervisor | I69: No | J69: No | K69: {=_xlfn.IFS(AND(Table[[#This Row],[Aware: Safety & Wellness Office]]="Yes",Table[[#This Row],[Aware: Monthly Meetings]]="Yes"), "Aware of office & meeting", AND(Table[[#This Row],[Aware: Safety & Wellness Office]]="Yes", Table[[#This Row],[Aware: Monthly Meetings]]="No"), "Aware of office", AND(Table[[#This Row],[Aware: Safety & Wellness Office]]="No", Table[[#This Row],[Aware: Monthly Meetings]]="Yes"), "Aware of meeting", AND(Table[[#This Row],[Aware: Safety & Wellness Office]]="No", Table[[#This Row],[Aware: Monthly Meetings]]="No"),"Unaware of office & meeting", TRUE, "Check Data")} -> Unaware of office & meeting | L69: No | M69: {=_xlfn.IFS(AND(Table[[#This Row],[Aware: Safety & Wellness Office]]="Yes",Table[[#This Row],[Aware: Monthly Meetings]]="Yes",Table[[#This Row],[Attended in Past 3 Years]]="Yes"), "Aware Attendee", AND(Table[[#This Row],[Aware: Safety & Wellness Office]]="Yes",Table[[#This Row],[Aware: Monthly Meetings]]="No",Table[[#This Row],[Attended in Past 3 Years]]="Yes"), "Office Aware Attendee", AND(Table[[#This Row],[Aware: Safety & Wellness Office]]="No",Table[[#This Row],[Aware: Monthly Meetings]]="Yes",Table[[#This Row],[Attended in Past 3 Years]]="Yes"), "Meeting Aware Attendee", AND(Table[[#This Row],[Aware: Safety & Wellness Office]]="No",Table[[#This Row],[Aware: Monthly Meetings]]="No",Table[[#This Row],[Attended in Past 3 Years]]="Yes"), "Unaware Attendee", AND(Table[[#This Row],[Aware: Safety & Wellness Office]]="No",Table[[#This Row],[Aware: Monthly Meetings]]="No",Table[[#This Row],[Attended in Past 3 Years]]="No"), "Unaware Non-attendee", AND(Table[[#This Row],[Aware: Safety & Wellness Office]]="Yes",Table[[#This Row],[Aware: Monthly Meetings]]="No",Table[[#This Row],[Attended in Past 3 Years]]="No"), "Office Aware Non-attendee", AND(Table[[#This Row],[Aware: Safety & Wellness Office]]="No",Table[[#This Row],[Aware: Monthly Meetings]]="Yes",Table[[#This Row],[Attended in Past 3 Years]]="No"), "Meeting Aware Non-attendee", AND(Table[[#This Row],[Aware: Safety & Wellness Office]]="Yes",Table[[#This Row],[Aware: Monthly Meetings]]="Yes",Table[[#This Row],[Attended in Past 3 Years]]="No"), "Aware Non-attendee", TRUE, "Check Data")} -> Unaware Non-attendee | N69: Time conflict with shift | O69: Time conflict | P69: No | Q69: No
A70: 69 | B70: Staff_061 | C70: Sales & Marketing | D70: Division 039 | E70: 11-20 | F70: =MATCH(Table[[#This Row],[Years of Service]], {"<1","1-5","6-10","11-20","21-30","31-40","40+"}, 0) -> 4 | G70: No | H70: Non-supervisor | I70: Yes | J70: Yes | K70: {=_xlfn.IFS(AND(Table[[#This Row],[Aware: Safety & Wellness Office]]="Yes",Table[[#This Row],[Aware: Monthly Meetings]]="Yes"), "Aware of office & meeting", AND(Table[[#This Row],[Aware: Safety & Wellness Office]]="Yes", Table[[#This Row],[Aware: Monthly Meetings]]="No"), "Aware of office", AND(Table[[#This Row],[Aware: Safety & Wellness Office]]="No", Table[[#This Row],[Aware: Monthly Meetings]]="Yes"), "Aware of meeting", AND(Table[[#This Row],[Aware: Safety & Wellness Office]]="No", Table[[#This Row],[Aware: Monthly Meetings]]="No"),"Unaware of office & meeting", TRUE, "Check Data")} -> Aware of office & meeting | L70: No | M70: {=_xlfn.IFS(AND(Table[[#This Row],[Aware: Safety & Wellness Office]]="Yes",Table[[#This Row],[Aware: Monthly Meetings]]="Yes",Table[[#This Row],[Attended in Past 3 Years]]="Yes"), "Aware Attendee", AND(Table[[#This Row],[Aware: Safety & Wellness Office]]="Yes",Table[[#This Row],[Aware: Monthly Meetings]]="No",Table[[#This Row],[Attended in Past 3 Years]]="Yes"), "Office Aware Attendee", AND(Table[[#This Row],[Aware: Safety & Wellness Office]]="No",Table[[#This Row],[Aware: Monthly Meetings]]="Yes",Table[[#This Row],[Attended in Past 3 Years]]="Yes"), "Meeting Aware Attendee", AND(Table[[#This Row],[Aware: Safety & Wellness Office]]="No",Table[[#This Row],[Aware: Monthly Meetings]]="No",Table[[#This Row],[Attended in Past 3 Years]]="Yes"), "Unaware Attendee", AND(Table[[#This Row],[Aware: Safety & Wellness Office]]="No",Table[[#This Row],[Aware: Monthly Meetings]]="No",Table[[#This Row],[Attended in Past 3 Years]]="No"), "Unaware Non-attendee", AND(Table[[#This Row],[Aware: Safety & Wellness Office]]="Yes",Table[[#This Row],[Aware: Monthly Meetings]]="No",Table[[#This Row],[Attended in Past 3 Years]]="No"), "Office Aware Non-attendee", AND(Table[[#This Row],[Aware: Safety & Wellness Office]]="No",Table[[#This Row],[Aware: Monthly Meetings]]="Yes",Table[[#This Row],[Attended in Past 3 Years]]="No"), "Meeting Aware Non-attendee", AND(Table[[#This Row],[Aware: Safety & Wellness Office]]="Yes",Table[[#This Row],[Aware: Monthly Meetings]]="Yes",Table[[#This Row],[Attended in Past 3 Years]]="No"), "Aware Non-attendee", TRUE, "Check Data")} -> Aware Non-attendee | N70: Manager approval not granted | O70: Time conflict | P70: Yes | Q70: Unsure
A71: 70 | B71: Staff_064 | C71: Repairs | D71: Division 061 | E71: 11-20 | F71: =MATCH(Table[[#This Row],[Years of Service]], {"<1","1-5","6-10","11-20","21-30","31-40","40+"}, 0) -> 4 | G71: No | H71: Non-supervisor | I71: Yes | J71: No | K71: {=_xlfn.IFS(AND(Table[[#This Row],[Aware: Safety & Wellness Office]]="Yes",Table[[#This Row],[Aware: Monthly Meetings]]="Yes"), "Aware of office & meeting", AND(Table[[#This Row],[Aware: Safety & Wellness Office]]="Yes", Table[[#This Row],[Aware: Monthly Meetings]]="No"), "Aware of office", AND(Table[[#This Row],[Aware: Safety & Wellness Office]]="No", Table[[#This Row],[Aware: Monthly Meetings]]="Yes"), "Aware of meeting", AND(Table[[#This Row],[Aware: Safety & Wellness Office]]="No", Table[[#This Row],[Aware: Monthly Meetings]]="No"),"Unaware of office & meeting", TRUE, "Check Data")} -> Aware of office | L71: No | M71: {=_xlfn.IFS(AND(Table[[#This Row],[Aware: Safety & Wellness Office]]="Yes",Table[[#This Row],[Aware: Monthly Meetings]]="Yes",Table[[#This Row],[Attended in Past 3 Years]]="Yes"), "Aware Attendee", AND(Table[[#This Row],[Aware: Safety & Wellness Office]]="Yes",Table[[#This Row],[Aware: Monthly Meetings]]="No",Table[[#This Row],[Attended in Past 3 Years]]="Yes"), "Office Aware Attendee", AND(Table[[#This Row],[Aware: Safety & Wellness Office]]="No",Table[[#This Row],[Aware: Monthly Meetings]]="Yes",Table[[#This Row],[Attended in Past 3 Years]]="Yes"), "Meeting Aware Attendee", AND(Table[[#This Row],[Aware: Safety & Wellness Office]]="No",Table[[#This Row],[Aware: Monthly Meetings]]="No",Table[[#This Row],[Attended in Past 3 Years]]="Yes"), "Unaware Attendee", AND(Table[[#This Row],[Aware: Safety & Wellness Office]]="No",Table[[#This Row],[Aware: Monthly Meetings]]="No",Table[[#This Row],[Attended in Past 3 Years]]="No"), "Unaware Non-attendee", AND(Table[[#This Row],[Aware: Safety & Wellness Office]]="Yes",Table[[#This Row],[Aware: Monthly Meetings]]="No",Table[[#This Row],[Attended in Past 3 Years]]="No"), "Office Aware Non-attendee", AND(Table[[#This Row],[Aware: Safety & Wellness Office]]="No",Table[[#This Row],[Aware: Monthly Meetings]]="Yes",Table[[#This Row],[Attended in Past 3 Years]]="No"), "Meeting Aware Non-attendee", AND(Table[[#This Row],[Aware: Safety & Wellness Office]]="Yes",Table[[#This Row],[Aware: Monthly Meetings]]="Yes",Table[[#This Row],[Attended in Past 3 Years]]="No"), "Aware Non-attendee", TRUE, "Check Data")} -> Office Aware Non-attendee | N71: Unaware of meeting schedule | O71: Unaware | P71: Yes | Q71: Unsure
A72: 71 | B72: Staff_066 | C72: Administration | D72: Division 078 | E72: 11-20 | F72: =MATCH(Table[[#This Row],[Years of Service]], {"<1","1-5","6-10","11-20","21-30","31-40","40+"}, 0) -> 4 | G72: No | H72: Non-supervisor | I72: Yes | J72: Yes | K72: {=_xlfn.IFS(AND(Table[[#This Row],[Aware: Safety & Wellness Office]]="Yes",Table[[#This Row],[Aware: Monthly Meetings]]="Yes"), "Aware of office & meeting", AND(Table[[#This Row],[Aware: Safety & Wellness Office]]="Yes", Table[[#This Row],[Aware: Monthly Meetings]]="No"), "Aware of office", AND(Table[[#This Row],[Aware: Safety & Wellness Office]]="No", Table[[#This Row],[Aware: Monthly Meetings]]="Yes"), "Aware of meeting", AND(Table[[#This Row],[Aware: Safety & Wellness Office]]="No", Table[[#This Row],[Aware: Monthly Meetings]]="No"),"Unaware of office & meeting", TRUE, "Check Data")} -> Aware of office & meeting | L72: No | M72: {=_xlfn.IFS(AND(Table[[#This Row],[Aware: Safety & Wellness Office]]="Yes",Table[[#This Row],[Aware: Monthly Meetings]]="Yes",Table[[#This Row],[Attended in Past 3 Years]]="Yes"), "Aware Attendee", AND(Table[[#This Row],[Aware: Safety & Wellness Office]]="Yes",Table[[#This Row],[Aware: Monthly Meetings]]="No",Table[[#This Row],[Attended in Past 3 Years]]="Yes"), "Office Aware Attendee", AND(Table[[#This Row],[Aware: Safety & Wellness Office]]="No",Table[[#This Row],[Aware: Monthly Meetings]]="Yes",Table[[#This Row],[Attended in Past 3 Years]]="Yes"), "Meeting Aware Attendee", AND(Table[[#This Row],[Aware: Safety & Wellness Office]]="No",Table[[#This Row],[Aware: Monthly Meetings]]="No",Table[[#This Row],[Attended in Past 3 Years]]="Yes"), "Unaware Attendee", AND(Table[[#This Row],[Aware: Safety & Wellness Office]]="No",Table[[#This Row],[Aware: Monthly Meetings]]="No",Table[[#This Row],[Attended in Past 3 Years]]="No"), "Unaware Non-attendee", AND(Table[[#This Row],[Aware: Safety & Wellness Office]]="Yes",Table[[#This Row],[Aware: Monthly Meetings]]="No",Table[[#This Row],[Attended in Past 3 Years]]="No"), "Office Aware Non-attendee", AND(Table[[#This Row],[Aware: Safety & Wellness Office]]="No",Table[[#This Row],[Aware: Monthly Meetings]]="Yes",Table[[#This Row],[Attended in Past 3 Years]]="No"), "Meeting Aware Non-attendee", AND(Table[[#This Row],[Aware: Safety & Wellness Office]]="Yes",Table[[#This Row],[Aware: Monthly Meetings]]="Yes",Table[[#This Row],[Attended in Past 3 Years]]="No"), "Aware Non-attendee", TRUE, "Check Data")} -> Aware Non-attendee | N72: Time conflict with shift | O72: Time conflict | P72: Yes | Q72: Yes
A73: 72 | B73: Staff_068 | C73: Sales & Marketing | D73: Division 034 | E73: 11-20 | F73: =MATCH(Table[[#This Row],[Years of Service]], {"<1","1-5","6-10","11-20","21-30","31-40","40+"}, 0) -> 4 | G73: Yes | H73: Supervisor | I73: Yes | J73: No | K73: {=_xlfn.IFS(AND(Table[[#This Row],[Aware: Safety & Wellness Office]]="Yes",Table[[#This Row],[Aware: Monthly Meetings]]="Yes"), "Aware of office & meeting", AND(Table[[#This Row],[Aware: Safety & Wellness Office]]="Yes", Table[[#This Row],[Aware: Monthly Meetings]]="No"), "Aware of office", AND(Table[[#This Row],[Aware: Safety & Wellness Office]]="No", Table[[#This Row],[Aware: Monthly Meetings]]="Yes"), "Aware of meeting", AND(Table[[#This Row],[Aware: Safety & Wellness Office]]="No", Table[[#This Row],[Aware: Monthly Meetings]]="No"),"Unaware of office & meeting", TRUE, "Check Data")} -> Aware of office | L73: No | M73: {=_xlfn.IFS(AND(Table[[#This Row],[Aware: Safety & Wellness Office]]="Yes",Table[[#This Row],[Aware: Monthly Meetings]]="Yes",Table[[#This Row],[Attended in Past 3 Years]]="Yes"), "Aware Attendee", AND(Table[[#This Row],[Aware: Safety & Wellness Office]]="Yes",Table[[#This Row],[Aware: Monthly Meetings]]="No",Table[[#This Row],[Attended in Past 3 Years]]="Yes"), "Office Aware Attendee", AND(Table[[#This Row],[Aware: Safety & Wellness Office]]="No",Table[[#This Row],[Aware: Monthly Meetings]]="Yes",Table[[#This Row],[Attended in Past 3 Years]]="Yes"), "Meeting Aware Attendee", AND(Table[[#This Row],[Aware: Safety & Wellness Office]]="No",Table[[#This Row],[Aware: Monthly Meetings]]="No",Table[[#This Row],[Attended in Past 3 Years]]="Yes"), "Unaware Attendee", AND(Table[[#This Row],[Aware: Safety & Wellness Office]]="No",Table[[#This Row],[Aware: Monthly Meetings]]="No",Table[[#This Row],[Attended in Past 3 Years]]="No"), "Unaware Non-attendee", AND(Table[[#This Row],[Aware: Safety & Wellness Office]]="Yes",Table[[#This Row],[Aware: Monthly Meetings]]="No",Table[[#This Row],[Attended in Past 3 Years]]="No"), "Office Aware Non-attendee", AND(Table[[#This Row],[Aware: Safety & Wellness Office]]="No",Table[[#This Row],[Aware: Monthly Meetings]]="Yes",Table[[#This Row],[Attended in Past 3 Years]]="No"), "Meeting Aware Non-attendee", AND(Table[[#This Row],[Aware: Safety & Wellness Office]]="Yes",Table[[#This Row],[Aware: Monthly Meetings]]="Yes",Table[[#This Row],[Attended in Past 3 Years]]="No"), "Aware Non-attendee", TRUE, "Check Data")} -> Office Aware Non-attendee | N73: Time conflict with shift | O73: Unaware | P73: No | Q73: No
A74: 73 | B74: Staff_070 | C74: Sales & Marketing | D74: Division 054 | E74: 11-20 | F74: =MATCH(Table[[#This Row],[Years of Service]], {"<1","1-5","6-10","11-20","21-30","31-40","40+"}, 0) -> 4 | G74: Yes | H74: Supervisor | I74: Yes | J74: Yes | K74: {=_xlfn.IFS(AND(Table[[#This Row],[Aware: Safety & Wellness Office]]="Yes",Table[[#This Row],[Aware: Monthly Meetings]]="Yes"), "Aware of office & meeting", AND(Table[[#This Row],[Aware: Safety & Wellness Office]]="Yes", Table[[#This Row],[Aware: Monthly Meetings]]="No"), "Aware of office", AND(Table[[#This Row],[Aware: Safety & Wellness Office]]="No", Table[[#This Row],[Aware: Monthly Meetings]]="Yes"), "Aware of meeting", AND(Table[[#This Row],[Aware: Safety & Wellness Office]]="No", Table[[#This Row],[Aware: Monthly Meetings]]="No"),"Unaware of office & meeting", TRUE, "Check Data")} -> Aware of office & meeting | L74: Yes | M74: {=_xlfn.IFS(AND(Table[[#This Row],[Aware: Safety & Wellness Office]]="Yes",Table[[#This Row],[Aware: Monthly Meetings]]="Yes",Table[[#This Row],[Attended in Past 3 Years]]="Yes"), "Aware Attendee", AND(Table[[#This Row],[Aware: Safety & Wellness Office]]="Yes",Table[[#This Row],[Aware: Monthly Meetings]]="No",Table[[#This Row],[Attended in Past 3 Years]]="Yes"), "Office Aware Attendee", AND(Table[[#This Row],[Aware: Safety & Wellness Office]]="No",Table[[#This Row],[Aware: Monthly Meetings]]="Yes",Table[[#This Row],[Attended in Past 3 Years]]="Yes"), "Meeting Aware Attendee", AND(Table[[#This Row],[Aware: Safety & Wellness Office]]="No",Table[[#This Row],[Aware: Monthly Meetings]]="No",Table[[#This Row],[Attended in Past 3 Years]]="Yes"), "Unaware Attendee", AND(Table[[#This Row],[Aware: Safety & Wellness Office]]="No",Table[[#This Row],[Aware: Monthly Meetings]]="No",Table[[#This Row],[Attended in Past 3 Years]]="No"), "Unaware Non-attendee", AND(Table[[#This Row],[Aware: Safety & Wellness Office]]="Yes",Table[[#This Row],[Aware: Monthly Meetings]]="No",Table[[#This Row],[Attended in Past 3 Years]]="No"), "Office Aware Non-attendee", AND(Table[[#This Row],[Aware: Safety & Wellness Office]]="No",Table[[#This Row],[Aware: Monthly Meetings]]="Yes",Table[[#This Row],[Attended in Past 3 Years]]="No"), "Meeting Aware Non-attendee", AND(Table[[#This Row],[Aware: Safety & Wellness Office]]="Yes",Table[[#This Row],[Aware: Monthly Meetings]]="Yes",Table[[#This Row],[Attended in Past 3 Years]]="No"), "Aware Non-attendee", TRUE, "Check Data")} -> Aware Attendee | O74: NA | P74: Yes | Q74: Unsure
A75: 74 | B75: Staff_082 | C75: Administration | D75: Division 014 | E75: 11-20 | F75: =MATCH(Table[[#This Row],[Years of Service]], {"<1","1-5","6-10","11-20","21-30","31-40","40+"}, 0) -> 4 | G75: No | H75: Non-supervisor | I75: No | J75: No | K75: {=_xlfn.IFS(AND(Table[[#This Row],[Aware: Safety & Wellness Office]]="Yes",Table[[#This Row],[Aware: Monthly Meetings]]="Yes"), "Aware of office & meeting", AND(Table[[#This Row],[Aware: Safety & Wellness Office]]="Yes", Table[[#This Row],[Aware: Monthly Meetings]]="No"), "Aware of office", AND(Table[[#This Row],[Aware: Safety & Wellness Office]]="No", Table[[#This Row],[Aware: Monthly Meetings]]="Yes"), "Aware of meeting", AND(Table[[#This Row],[Aware: Safety & Wellness Office]]="No", Table[[#This Row],[Aware: Monthly Meetings]]="No"),"Unaware of office & meeting", TRUE, "Check Data")} -> Unaware of office & meeting | L75: No | M75: {=_xlfn.IFS(AND(Table[[#This Row],[Aware: Safety & Wellness Office]]="Yes",Table[[#This Row],[Aware: Monthly Meetings]]="Yes",Table[[#This Row],[Attended in Past 3 Years]]="Yes"), "Aware Attendee", AND(Table[[#This Row],[Aware: Safety & Wellness Office]]="Yes",Table[[#This Row],[Aware: Monthly Meetings]]="No",Table[[#This Row],[Attended in Past 3 Years]]="Yes"), "Office Aware Attendee", AND(Table[[#This Row],[Aware: Safety & Wellness Office]]="No",Table[[#This Row],[Aware: Monthly Meetings]]="Yes",Table[[#This Row],[Attended in Past 3 Years]]="Yes"), "Meeting Aware Attendee", AND(Table[[#This Row],[Aware: Safety & Wellness Office]]="No",Table[[#This Row],[Aware: Monthly Meetings]]="No",Table[[#This Row],[Attended in Past 3 Years]]="Yes"), "Unaware Attendee", AND(Table[[#This Row],[Aware: Safety & Wellness Office]]="No",Table[[#This Row],[Aware: Monthly Meetings]]="No",Table[[#This Row],[Attended in Past 3 Years]]="No"), "Unaware Non-attendee", AND(Table[[#This Row],[Aware: Safety & Wellness Office]]="Yes",Table[[#This Row],[Aware: Monthly Meetings]]="No",Table[[#This Row],[Attended in Past 3 Years]]="No"), "Office Aware Non-attendee", AND(Table[[#This Row],[Aware: Safety & Wellness Office]]="No",Table[[#This Row],[Aware: Monthly Meetings]]="Yes",Table[[#This Row],[Attended in Past 3 Years]]="No"), "Meeting Aware Non-attendee", AND(Table[[#This Row],[Aware: Safety & Wellness Office]]="Yes",Table[[#This Row],[Aware: Monthly Meetings]]="Yes",Table[[#This Row],[Attended in Past 3 Years]]="No"), "Aware Non-attendee", TRUE, "Check Data")} -> Unaware Non-attendee | N75: Unaware of meeting schedule | O75: Unaware | P75: No | Q75: Unsure
A76: 75 | B76: Staff_090 | C76: Repairs | D76: Division 031 | E76: 11-20 | F76: =MATCH(Table[[#This Row],[Years of Service]], {"<1","1-5","6-10","11-20","21-30","31-40","40+"}, 0) -> 4 | G76: Yes | H76: Supervisor | I76: Yes | J76: Yes | K76: {=_xlfn.IFS(AND(Table[[#This Row],[Aware: Safety & Wellness Office]]="Yes",Table[[#This Row],[Aware: Monthly Meetings]]="Yes"), "Aware of office & meeting", AND(Table[[#This Row],[Aware: Safety & Wellness Office]]="Yes", Table[[#This Row],[Aware: Monthly Meetings]]="No"), "Aware of office", AND(Table[[#This Row],[Aware: Safety & Wellness Office]]="No", Table[[#This Row],[Aware: Monthly Meetings]]="Yes"), "Aware of meeting", AND(Table[[#This Row],[Aware: Safety & Wellness Office]]="No", Table[[#This Row],[Aware: Monthly Meetings]]="No"),"Unaware of office & meeting", TRUE, "Check Data")} -> Aware of office & meeting | L76: Yes | M76: {=_xlfn.IFS(AND(Table[[#This Row],[Aware: Safety & Wellness Office]]="Yes",Table[[#This Row],[Aware: Monthly Meetings]]="Yes",Table[[#This Row],[Attended in Past 3 Years]]="Yes"), "Aware Attendee", AND(Table[[#This Row],[Aware: Safety & Wellness Office]]="Yes",Table[[#This Row],[Aware: Monthly Meetings]]="No",Table[[#This Row],[Attended in Past 3 Years]]="Yes"), "Office Aware Attendee", AND(Table[[#This Row],[Aware: Safety & Wellness Office]]="No",Table[[#This Row],[Aware: Monthly Meetings]]="Yes",Table[[#This Row],[Attended in Past 3 Years]]="Yes"), "Meeting Aware Attendee", AND(Table[[#This Row],[Aware: Safety & Wellness Office]]="No",Table[[#This Row],[Aware: Monthly Meetings]]="No",Table[[#This Row],[Attended in Past 3 Years]]="Yes"), "Unaware Attendee", AND(Table[[#This Row],[Aware: Safety & Wellness Office]]="No",Table[[#This Row],[Aware: Monthly Meetings]]="No",Table[[#This Row],[Attended in Past 3 Years]]="No"), "Unaware Non-attendee", AND(Table[[#This Row],[Aware: Safety & Wellness Office]]="Yes",Table[[#This Row],[Aware: Monthly Meetings]]="No",Table[[#This Row],[Attended in Past 3 Years]]="No"), "Office Aware Non-attendee", AND(Table[[#This Row],[Aware: Safety & Wellness Office]]="No",Table[[#This Row],[Aware: Monthly Meetings]]="Yes",Table[[#This Row],[Attended in Past 3 Years]]="No"), "Meeting Aware Non-attendee", AND(Table[[#This Row],[Aware: Safety & Wellness Office]]="Yes",Table[[#This Row],[Aware: Monthly Meetings]]="Yes",Table[[#This Row],[Attended in Past 3 Years]]="No"), "Aware Non-attendee", TRUE, "Check Data")} -> Aware Attendee | O76: NA | P76: Yes | Q76: No
A77: 76 | B77: Staff_091 | C77: Repairs | D77: Division 079 | E77: 11-20 | F77: =MATCH(Table[[#This Row],[Years of Service]], {"<1","1-5","6-10","11-20","21-30","31-40","40+"}, 0) -> 4 | G77: No | H77: Non-supervisor | I77: No | J77: No | K77: {=_xlfn.IFS(AND(Table[[#This Row],[Aware: Safety & Wellness Office]]="Yes",Table[[#This Row],[Aware: Monthly Meetings]]="Yes"), "Aware of office & meeting", AND(Table[[#This Row],[Aware: Safety & Wellness Office]]="Yes", Table[[#This Row],[Aware: Monthly Meetings]]="No"), "Aware of office", AND(Table[[#This Row],[Aware: Safety & Wellness Office]]="No", Table[[#This Row],[Aware: Monthly Meetings]]="Yes"), "Aware of meeting", AND(Table[[#This Row],[Aware: Safety & Wellness Office]]="No", Table[[#This Row],[Aware: Monthly Meetings]]="No"),"Unaware of office & meeting", TRUE, "Check Data")} -> Unaware of office & meeting | L77: No | M77: {=_xlfn.IFS(AND(Table[[#This Row],[Aware: Safety & Wellness Office]]="Yes",Table[[#This Row],[Aware: Monthly Meetings]]="Yes",Table[[#This Row],[Attended in Past 3 Years]]="Yes"), "Aware Attendee", AND(Table[[#This Row],[Aware: Safety & Wellness Office]]="Yes",Table[[#This Row],[Aware: Monthly Meetings]]="No",Table[[#This Row],[Attended in Past 3 Years]]="Yes"), "Office Aware Attendee", AND(Table[[#This Row],[Aware: Safety & Wellness Office]]="No",Table[[#This Row],[Aware: Monthly Meetings]]="Yes",Table[[#This Row],[Attended in Past 3 Years]]="Yes"), "Meeting Aware Attendee", AND(Table[[#This Row],[Aware: Safety & Wellness Office]]="No",Table[[#This Row],[Aware: Monthly Meetings]]="No",Table[[#This Row],[Attended in Past 3 Years]]="Yes"), "Unaware Attendee", AND(Table[[#This Row],[Aware: Safety & Wellness Office]]="No",Table[[#This Row],[Aware: Monthly Meetings]]="No",Table[[#This Row],[Attended in Past 3 Years]]="No"), "Unaware Non-attendee", AND(Table[[#This Row],[Aware: Safety & Wellness Office]]="Yes",Table[[#This Row],[Aware: Monthly Meetings]]="No",Table[[#This Row],[Attended in Past 3 Years]]="No"), "Office Aware Non-attendee", AND(Table[[#This Row],[Aware: Safety & Wellness Office]]="No",Table[[#This Row],[Aware: Monthly Meetings]]="Yes",Table[[#This Row],[Attended in Past 3 Years]]="No"), "Meeting Aware Non-attendee", AND(Table[[#This Row],[Aware: Safety & Wellness Office]]="Yes",Table[[#This Row],[Aware: Monthly Meetings]]="Yes",Table[[#This Row],[Attended in Past 3 Years]]="No"), "Aware Non-attendee", TRUE, "Check Data")} -> Unaware Non-attendee | N77: Unaware of meeting schedule | O77: Unaware | P77: Yes | Q77: No
A78: 77 | B78: Staff_093 | C78: Administration | D78: Division 086 | E78: 11-20 | F78: =MATCH(Table[[#This Row],[Years of Service]], {"<1","1-5","6-10","11-20","21-30","31-40","40+"}, 0) -> 4 | G78: No | H78: Non-supervisor | I78: No | J78: No | K78: {=_xlfn.IFS(AND(Table[[#This Row],[Aware: Safety & Wellness Office]]="Yes",Table[[#This Row],[Aware: Monthly Meetings]]="Yes"), "Aware of office & meeting", AND(Table[[#This Row],[Aware: Safety & Wellness Office]]="Yes", Table[[#This Row],[Aware: Monthly Meetings]]="No"), "Aware of office", AND(Table[[#This Row],[Aware: Safety & Wellness Office]]="No", Table[[#This Row],[Aware: Monthly Meetings]]="Yes"), "Aware of meeting", AND(Table[[#This Row],[Aware: Safety & Wellness Office]]="No", Table[[#This Row],[Aware: Monthly Meetings]]="No"),"Unaware of office & meeting", TRUE, "Check Data")} -> Unaware of office & meeting | L78: No | M78: {=_xlfn.IFS(AND(Table[[#This Row],[Aware: Safety & Wellness Office]]="Yes",Table[[#This Row],[Aware: Monthly Meetings]]="Yes",Table[[#This Row],[Attended in Past 3 Years]]="Yes"), "Aware Attendee", AND(Table[[#This Row],[Aware: Safety & Wellness Office]]="Yes",Table[[#This Row],[Aware: Monthly Meetings]]="No",Table[[#This Row],[Attended in Past 3 Years]]="Yes"), "Office Aware Attendee", AND(Table[[#This Row],[Aware: Safety & Wellness Office]]="No",Table[[#This Row],[Aware: Monthly Meetings]]="Yes",Table[[#This Row],[Attended in Past 3 Years]]="Yes"), "Meeting Aware Attendee", AND(Table[[#This Row],[Aware: Safety & Wellness Office]]="No",Table[[#This Row],[Aware: Monthly Meetings]]="No",Table[[#This Row],[Attended in Past 3 Years]]="Yes"), "Unaware Attendee", AND(Table[[#This Row],[Aware: Safety & Wellness Office]]="No",Table[[#This Row],[Aware: Monthly Meetings]]="No",Table[[#This Row],[Attended in Past 3 Years]]="No"), "Unaware Non-attendee", AND(Table[[#This Row],[Aware: Safety & Wellness Office]]="Yes",Table[[#This Row],[Aware: Monthly Meetings]]="No",Table[[#This Row],[Attended in Past 3 Years]]="No"), "Office Aware Non-attendee", AND(Table[[#This Row],[Aware: Safety & Wellness Office]]="No",Table[[#This Row],[Aware: Monthly Meetings]]="Yes",Table[[#This Row],[Attended in Past 3 Years]]="No"), "Meeting Aware Non-attendee", AND(Table[[#This Row],[Aware: Safety & Wellness Office]]="Yes",Table[[#This Row],[Aware: Monthly Meetings]]="Yes",Table[[#This Row],[Attended in Past 3 Years]]="No"), "Aware Non-attendee", TRUE, "Check Data")} -> Unaware Non-attendee | N78: Unaware of meeting schedule | O78: Unaware | P78: No | Q78: Yes
A79: 78 | B79: Staff_001 | C79: Sales & Marketing | D79: Division 013 | E79: 21-30 | F79: =MATCH(Table[[#This Row],[Years of Service]], {"<1","1-5","6-10","11-20","21-30","31-40","40+"}, 0) -> 5 | G79: Yes | H79: Supervisor | I79: Yes | J79: Yes | K79: {=_xlfn.IFS(AND(Table[[#This Row],[Aware: Safety & Wellness Office]]="Yes",Table[[#This Row],[Aware: Monthly Meetings]]="Yes"), "Aware of office & meeting", AND(Table[[#This Row],[Aware: Safety & Wellness Office]]="Yes", Table[[#This Row],[Aware: Monthly Meetings]]="No"), "Aware of office", AND(Table[[#This Row],[Aware: Safety & Wellness Office]]="No", Table[[#This Row],[Aware: Monthly Meetings]]="Yes"), "Aware of meeting", AND(Table[[#This Row],[Aware: Safety & Wellness Office]]="No", Table[[#This Row],[Aware: Monthly Meetings]]="No"),"Unaware of office & meeting", TRUE, "Check Data")} -> Aware of office & meeting | L79: No | M79: {=_xlfn.IFS(AND(Table[[#This Row],[Aware: Safety & Wellness Office]]="Yes",Table[[#This Row],[Aware: Monthly Meetings]]="Yes",Table[[#This Row],[Attended in Past 3 Years]]="Yes"), "Aware Attendee", AND(Table[[#This Row],[Aware: Safety & Wellness Office]]="Yes",Table[[#This Row],[Aware: Monthly Meetings]]="No",Table[[#This Row],[Attended in Past 3 Years]]="Yes"), "Office Aware Attendee", AND(Table[[#This Row],[Aware: Safety & Wellness Office]]="No",Table[[#This Row],[Aware: Monthly Meetings]]="Yes",Table[[#This Row],[Attended in Past 3 Years]]="Yes"), "Meeting Aware Attendee", AND(Table[[#This Row],[Aware: Safety & Wellness Office]]="No",Table[[#This Row],[Aware: Monthly Meetings]]="No",Table[[#This Row],[Attended in Past 3 Years]]="Yes"), "Unaware Attendee", AND(Table[[#This Row],[Aware: Safety & Wellness Office]]="No",Table[[#This Row],[Aware: Monthly Meetings]]="No",Table[[#This Row],[Attended in Past 3 Years]]="No"), "Unaware Non-attendee", AND(Table[[#This Row],[Aware: Safety & Wellness Office]]="Yes",Table[[#This Row],[Aware: Monthly Meetings]]="No",Table[[#This Row],[Attended in Past 3 Years]]="No"), "Office Aware Non-attendee", AND(Table[[#This Row],[Aware: Safety & Wellness Office]]="No",Table[[#This Row],[Aware: Monthly Meetings]]="Yes",Table[[#This Row],[Attended in Past 3 Years]]="No"), "Meeting Aware Non-attendee", AND(Table[[#This Row],[Aware: Safety & Wellness Office]]="Yes",Table[[#This Row],[Aware: Monthly Meetings]]="Yes",Table[[#This Row],[Attended in Past 3 Years]]="No"), "Aware Non-attendee", TRUE, "Check Data")} -> Aware Non-attendee | N79: Out on leave / travel | O79: Unaware | P79: No | Q79: No
